0_JPM,1.0,26.1093637356,4.83080836601,0.18502206392,1.35432344549,1.59037391373,1.17429401301,2.58110659842,2.63937623691,1.02257544827,0
1_JPM,0.0,0.18502206392,0.041420086413,0.223865659778,1.17429401301,0.318938478397,0.271600191147,1.02257544827,0.381371902464,0.37295233629,0
2_JPM,1.0,0.223865659778,0.205949811729,0.91997053918,0.271600191147,0.33065187727,1.21742137174,0.37295233629,0.374364839697,1.00378735637,0
3_JPM,0.0,0.91997053918,1.16344480073,1.2646544114,1.21742137174,1.44239089693,1.18479183166,1.00378735637,1.09163623457,1.08751741854,0
4_JPM,1.0,1.2646544114,0.495652511342,0.391927238678,1.18479183166,0.461450082023,0.389477771277,1.08751741854,0.51389774576,0.472542082543,0
5_JPM,0.0,0.391927238678,0.833161728096,2.12580715468,0.389477771277,0.457660015634,1.17506068224,0.472542082543,0.474807655572,1.00479443654,0
6_JPM,1.0,2.12580715468,2.67875571725,1.26011228787,1.17506068224,2.43852757344,2.07523544129,1.00479443654,2.37344708082,2.3621220366,1
7_JPM,0.0,1.26011228787,1.28192156369,1.01730740667,2.07523544129,2.42659195475,1.16930922944,2.3621220366,2.3836878912,1.0091298647,0
8_JPM,1.0,1.01730740667,2.20552233404,2.16799987847,1.16930922944,2.11069961005,1.80508248538,1.0091298647,2.26005084686,2.23960356929,0
9_JPM,0.0,2.16799987847,1.47126402569,0.678627356164,1.80508248538,0.995993277318,0.551771614531,2.23960356929,1.19591218708,0.533983872626,0
10_JPM,1.0,0.678627356164,3.32349275513,4.89737515729,0.551771614531,0.677941474447,1.22866319432,0.533983872626,0.54029770469,1.01182401265,0
11_JPM,0.0,4.89737515729,6.46978299952,1.32107155195,1.22866319432,1.13673184357,0.925177745068,1.01182401265,1.01949575372,1.00758209034,2
12_JPM,1.0,1.32107155195,0.186642308297,0.141280998763,0.925177745068,0.966261913773,1.04440678445,1.00758209034,1.00890489624,1.00131285174,0
13_JPM,0.0,0.141280998763,0.765870370756,5.42090144792,1.04440678445,3.30934304596,3.16863419046,1.00131285174,2.74203187073,2.73843670932,0
14_JPM,1.0,5.42090144792,1.19169806833,0.219833929795,3.16863419046,1.02741993333,0.324246937822,2.73843670932,1.25468361964,0.458175138892,0
15_JPM,0.0,0.219833929795,0.473122108625,2.15217964336,0.324246937822,0.394799949101,1.21759037033,0.458175138892,0.458386334121,1.00046094869,0
16_JPM,1.0,2.15217964336,75.5736739767,35.1149469375,1.21759037033,1.39798212723,1.14815471713,1.00046094869,1.15769613135,1.1571627387,0
17_JPM,0.0,35.1149469375,0.348368139909,0.00992079357342,1.14815471713,1.32031095877,1.14994167517,1.1571627387,1.18687837218,1.02567973586,0
18_JPM,1.0,0.00992079357342,0.0326798249736,3.29407367785,1.14994167517,1.69629883366,1.47511727793,1.02567973586,1.55480088123,1.51587364639,0
19_JPM,0.0,3.29407367785,26.5529451114,8.06082307446,1.47511727793,2.10671290429,1.42816638094,1.51587364639,2.45875375542,1.62200442054,2
20_JPM,1.0,8.06082307446,0.418706717731,0.0519434199043,1.42816638094,0.905446408681,0.633992244018,1.62200442054,1.36465357489,0.841337765554,0
21_JPM,0.0,0.0519434199043,0.304131789616,5.85505902723,0.633992244018,0.925744036934,1.46018195912,0.841337765554,0.849537757962,1.00974637386,0
22_JPM,1.0,5.85505902723,200.793055229,34.2939420927,1.46018195912,1.53520535529,1.05137948439,1.00974637386,1.11036523271,1.09964765554,0
23_JPM,0.0,34.2939420927,0.802275141846,0.0233940775802,1.05137948439,1.07771908495,1.02505242013,1.09964765554,1.10788399567,1.00748998108,0
24_JPM,1.0,0.0233940775802,0.0126567845719,0.541025160258,1.02505242013,0.620934164481,0.605758449314,1.00748998108,0.754631897609,0.749021738959,0
25_JPM,0.0,0.541025160258,0.661309741982,1.22232714957,0.605758449314,0.761934071904,1.25781831482,0.749021738959,0.753365500573,1.00579924639,0
26_JPM,1.0,1.22232714957,0.375957482588,0.307575171443,1.25781831482,0.434990964932,0.345829727399,1.00579924639,0.413110479735,0.410728563596,0
27_JPM,0.0,0.307575171443,0.343160613979,1.11569673316,0.345829727399,0.420373541075,1.2155506244,0.410728563596,0.414509602818,1.00920568852,0
28_JPM,1.0,1.11569673316,1.83596189601,1.64557432271,1.2155506244,2.52997223719,2.08133843742,1.00920568852,2.17725874164,2.15739840392,0
29_JPM,0.0,1.64557432271,2.17195840259,1.31987864213,2.08133843742,7.87333920826,3.78282506424,2.15739840392,6.74364528484,3.12582287657,0
30_JPM,1.0,1.31987864213,0.61177229139,0.463506470869,3.78282506424,0.516896639972,0.136643019752,3.12582287657,0.597774873678,0.191237602796,0
31_JPM,0.0,0.463506470869,0.313415468719,0.6761835884,0.136643019752,0.160110843711,1.17174550154,0.191237602796,0.19179922691,1.00293678704,0
32_JPM,1.0,0.6761835884,2.63789945907,3.90115865621,1.17174550154,2.34701841818,2.00301039356,1.00293678704,2.02460084613,2.01867243507,0
33_JPM,0.0,3.90115865621,4.47052903731,1.14594904521,2.00301039356,2.38190618966,1.18916317026,2.01867243507,2.96054719247,1.46658127442,2
34_JPM,1.0,1.14594904521,1.16790917884,1.01916327233,1.18916317026,1.63719526224,1.37676250256,1.46658127442,1.49890117817,1.02203758108,0
35_JPM,0.0,1.01916327233,0.918748934689,0.901473747766,1.37676250256,0.988052588063,0.717663784584,1.02203758108,0.972187778044,0.951225078257,0
36_JPM,1.0,0.901473747766,0.454039903424,0.503664032978,0.717663784584,0.567412387577,0.79063817872,0.951225078257,0.955322696714,1.00430772753,0
37_JPM,0.0,0.503664032978,8.73629870964,17.3454885353,0.79063817872,1.31083717565,1.65794823844,1.00430772753,1.0326491737,1.02821988261,2
38_JPM,1.0,17.3454885353,0.540681073356,0.0311712796245,1.65794823844,0.307727945673,0.185607691807,1.02821988261,0.245374688128,0.238640287237,0
39_JPM,0.0,0.0311712796245,0.0482507992167,1.54792487822,0.185607691807,0.241204643836,1.29954012944,0.238640287237,0.241441346605,1.0117375796,0
40_JPM,1.0,1.54792487822,2.11985522032,1.36948197561,1.29954012944,1.46971487031,1.13094996992,1.0117375796,1.29453642262,1.2795179785,0
41_JPM,0.0,1.36948197561,0.937355831163,0.684460144683,1.13094996992,1.26060333055,1.11464111064,1.2795179785,1.28792823772,1.00657299027,0
42_JPM,1.0,0.684460144683,1.87084436696,2.73331381161,1.11464111064,1.83930448224,1.65013156673,1.00657299027,1.66326431842,1.652403089,0
43_JPM,0.0,2.73331381161,1.9901605577,0.728112721359,1.65013156673,1.71857261071,1.04147611339,1.652403089,2.03293425619,1.23028955206,2
44_JPM,1.0,0.728112721359,0.434726947436,0.597059953334,1.04147611339,1.14458608062,1.09900367939,1.23028955206,1.24681329881,1.01343077873,0
45_JPM,0.0,0.597059953334,1.84850768835,3.09601687072,1.09900367939,1.46095176751,1.32934201669,1.01343077873,1.18849656553,1.17274567782,0
46_JPM,1.0,3.09601687072,4.84239502397,1.56407255715,1.32934201669,1.7042449552,1.28202143151,1.17274567782,1.85906695264,1.5852260109,1
47_JPM,0.0,1.56407255715,0.468841725163,0.299757017678,1.28202143151,0.469574586037,0.366276705285,1.5852260109,0.544014947923,0.343178161463,0
48_JPM,1.0,0.299757017678,0.528264532319,1.76230914096,0.366276705285,0.402284880393,1.09830866825,0.343178161463,0.343976914832,1.00232751806,0
49_JPM,0.0,1.76230914096,1.42650161426,0.809450272434,1.09830866825,0.941610554104,0.857327799846,1.00232751806,0.98054235306,0.97826542262,0
50_JPM,1.0,0.809450272434,10.8666030252,13.4246702921,0.857327799846,0.984974280887,1.14888876934,0.97826542262,0.981417315174,1.00322191962,0
51_JPM,0.0,13.4246702921,4.16946926575,0.310582619538,1.14888876934,1.07229441283,0.933331791072,1.00322191962,0.987299811981,0.984129027364,0
52_JPM,1.0,0.310582619538,0.0580544573548,0.18692114015,0.933331791072,0.977062019867,1.04685389399,0.984129027364,0.985261679851,1.00115091869,0
53_JPM,0.0,0.18692114015,0.356250623475,1.90588728054,1.04685389399,1.70673005753,1.63034217796,1.00115091869,1.93342844309,1.93120578227,0
54_JPM,1.0,1.90588728054,0.894680060419,0.469429682203,1.63034217796,2.12880644934,1.30574211851,1.93120578227,1.96941183243,1.019783521,0
55_JPM,0.0,0.469429682203,1.15786152997,2.46652815931,1.30574211851,2.97243414018,2.27643276421,1.019783521,2.48086786408,2.43273970699,0
56_JPM,1.0,2.46652815931,25.3147352053,10.2633067901,2.27643276421,3.55799755126,1.56297062984,2.43273970699,4.1701965648,1.71419759904,1
57_JPM,0.0,10.2633067901,1.03053597732,0.10040974107,1.56297062984,1.77084773768,1.13300128862,1.71419759904,1.7305988943,1.00956791403,0
58_JPM,1.0,0.10040974107,0.477339759209,4.75391883417,1.13300128862,4.35757450722,3.84604549966,1.00956791403,9.08502532691,8.99892439196,0
59_JPM,0.0,4.75391883417,0.83890856466,0.176466741214,3.84604549966,0.565571697099,0.147052783736,8.99892439196,0.939969494071,0.104453538349,0
60_JPM,1.0,0.176466741214,0.625398439627,3.54400174971,0.147052783736,0.253804294372,1.72594008712,0.104453538349,0.106020755407,1.01500396333,0
61_JPM,0.0,3.54400174971,1.09729545105,0.309620459736,1.72594008712,0.523752401911,0.303459202216,1.01500396333,0.38273334021,0.377075710085,0
62_JPM,1.0,0.309620459736,0.217178489506,0.701434555361,0.303459202216,0.409159248547,1.34831715617,0.377075710085,0.387437584046,1.02747955831,0
63_JPM,0.0,0.701434555361,3.05967620317,4.3620266207,1.34831715617,1.96821126958,1.45975393147,1.02747955831,1.93371534224,1.88199884524,0
64_JPM,1.0,4.3620266207,1.08399313078,0.248506766472,1.45975393147,1.85728713539,1.27232891472,1.88199884524,1.91965301322,1.02000754043,0
65_JPM,0.0,0.248506766472,1.03866618526,4.179629392,1.27232891472,3.2146810232,2.5266116222,1.02000754043,2.77952147308,2.72500090727,0
66_JPM,1.0,4.179629392,3.02068246244,0.722715384342,2.5266116222,1.35764857592,0.537339638585,2.72500090727,1.9952128519,0.732187958756,1
67_JPM,0.0,0.722715384342,0.168336329593,0.232922023303,0.537339638585,0.0856381735824,0.159374383412,0.732187958756,0.0951246115841,0.129918295496,0
68_JPM,1.0,0.232922023303,0.333555090895,1.43204616792,0.159374383412,0.176157040884,1.10530335624,0.129918295496,0.12999327103,1.00057709758,0
69_JPM,0.0,1.43204616792,7.25059069668,5.06309842456,1.10530335624,1.59883811101,1.44651520506,1.00057709758,1.5267471487,1.52586657479,2
70_JPM,1.0,5.06309842456,3.68914828351,0.72863451866,1.44651520506,1.54292165188,1.06664737881,1.52586657479,1.5299474429,1.00267445934,1
71_JPM,0.0,0.72863451866,0.205649200806,0.282239168663,1.06664737881,0.69599343801,0.652505646982,1.00267445934,0.771461059707,0.769403321809,0
72_JPM,1.0,0.282239168663,0.137324840666,0.486554865211,0.652505646982,0.506033968969,0.775524275245,0.769403321809,0.557842046011,0.725032021826,0
73_JPM,0.0,0.486554865211,0.564264481849,1.1597139854,0.775524275245,0.865247421107,1.11569353626,0.725032021826,0.728309793128,1.00452086419,0
74_JPM,1.0,1.1597139854,1.8965035821,1.63532009269,1.11569353626,3.4666856656,3.10720242873,1.00452086419,4.6162007563,4.5954254619,0
75_JPM,0.0,1.63532009269,2.77454907292,1.6966397498,3.10720242873,4.86393541053,1.56537448785,4.5954254619,4.66284027656,1.01466998327,2
76_JPM,1.0,1.6966397498,3.59223062144,2.11726185353,1.56537448785,2.08798992979,1.33385969044,1.01466998327,2.11183403185,2.08130137549,1
77_JPM,0.0,2.11726185353,0.469624512333,0.221807478159,1.33385969044,0.307494389051,0.230529786045,2.08130137549,0.368280161725,0.176947061133,0
78_JPM,1.0,0.221807478159,0.208265806963,0.938948536325,0.230529786045,0.283787585426,1.23102350587,0.176947061133,0.179977003869,1.01712344198,0
79_JPM,0.0,0.938948536325,1.33343409705,1.42013544456,1.23102350587,2.39675622303,1.9469621917,1.01712344198,1.91346878167,1.8812552171,0
80_JPM,1.0,1.42013544456,1.70728607387,1.20219946654,1.9469621917,1.70464846826,0.875542666174,1.8812552171,2.53541574887,1.3477255642,0
81_JPM,0.0,1.20219946654,4.67526934794,3.8889298141,0.875542666174,1.33112251219,1.52033997155,1.3477255642,1.37206716908,1.01806124743,0
82_JPM,1.0,3.8889298141,34.3286550265,8.82727554044,1.52033997155,1.53625056717,1.01046515642,1.01806124743,1.13237107531,1.11228187711,0
83_JPM,0.0,8.82727554044,0.255138278089,0.028903400253,1.01046515642,0.914764720327,0.905290711425,1.11228187711,1.15795984579,1.04106690005,0
84_JPM,1.0,0.028903400253,0.0253931645902,0.878552847343,0.905290711425,0.482423925595,0.532893930654,1.04106690005,0.610232977402,0.586161155804,0
85_JPM,0.0,0.878552847343,1.4342291689,1.63249049074,0.532893930654,0.739114553395,1.38698249479,0.586161155804,0.594318662234,1.01391683217,0
86_JPM,1.0,1.63249049074,1.6692275513,1.02250369039,1.38698249479,1.35869964502,0.979608358521,1.01391683217,1.29675202803,1.27895305304,0
87_JPM,0.0,1.02250369039,1.17254855435,1.14674261362,0.979608358521,1.21749099726,1.2428344314,1.27895305304,1.28100137501,1.0016015615,0
88_JPM,1.0,1.14674261362,0.702313800006,0.612442401341,1.2428344314,0.472396562161,0.380096133663,1.0016015615,0.451325011264,0.450603342299,0
89_JPM,0.0,0.612442401341,0.52300319518,0.853963073155,0.380096133663,0.448184109839,1.17913356687,0.450603342299,0.450697355228,1.00020863789,0
90_JPM,1.0,0.853963073155,1.87912890526,2.20048028343,1.17913356687,12.6171605105,10.7003658153,1.00020863789,9.6316822909,9.62967317624,0
91_JPM,0.0,2.20048028343,2.05426856828,0.933554635207,10.7003658153,3.16770914037,0.296037462182,9.62967317624,4.05998401984,0.421611818546,0
92_JPM,1.0,0.933554635207,1.55168331417,1.66212373186,0.296037462182,0.455837465135,1.53979655742,0.421611818546,0.436299949455,1.03483804358,0
93_JPM,0.0,1.66212373186,1.70449861443,1.02549442124,1.53979655742,1.31482256433,0.853893690044,1.03483804358,1.45143147638,1.40256872598,0
94_JPM,1.0,1.02549442124,0.321479617691,0.313487436921,0.853893690044,0.542734596108,0.635599726799,1.40256872598,1.06570641095,0.759824735297,0
95_JPM,0.0,0.313487436921,0.900176629413,2.8714918794,0.635599726799,1.27814694078,2.01093060127,0.759824735297,0.784880420414,1.03297561129,0
96_JPM,1.0,2.8714918794,1.74202697854,0.60666268675,2.01093060127,0.588761000576,0.292780367559,1.03297561129,0.412930654434,0.399748696796,0
97_JPM,0.0,0.60666268675,0.45110337918,0.74358187677,0.292780367559,0.416223874122,1.42162494566,0.399748696796,0.41349867802,1.03439656298,0
98_JPM,1.0,0.74358187677,1.59027172475,2.13866391104,1.42162494566,1.47431961141,1.03706650331,1.03439656298,1.55228322926,1.50066549408,0
99_JPM,0.0,2.13866391104,0.455064760207,0.212779931367,1.03706650331,0.282518207555,0.27242053104,1.50066549408,0.368363902022,0.245467030111,0
100_JPM,1.0,0.212779931367,1.07915678381,5.07170378749,0.27242053104,0.307199174052,1.12766527867,0.245467030111,0.245606395111,1.00056775446,0
101_JPM,0.0,5.07170378749,103.492628967,20.4058898752,1.12766527867,1.17420737725,1.04127297298,1.00056775446,1.04767038925,1.04707590724,2
102_JPM,1.0,20.4058898752,0.503750092023,0.0246865044898,1.04127297298,1.13012730809,1.08533241274,1.04707590724,1.06314916178,1.01535061062,0
103_JPM,0.0,0.0246865044898,0.511979632848,20.7392518069,1.08533241274,1.32171434068,1.21779680139,1.01535061062,1.32853077603,1.30844534109,0
104_JPM,1.0,20.7392518069,1.11754860517,0.0538856760877,1.21779680139,1.28185600609,1.05260253979,1.30844534109,1.31951162665,1.00845758337,0
105_JPM,0.0,0.0538856760877,0.894662330619,16.6029712453,1.05260253979,1.24848014418,1.18608885785,1.00845758337,1.25279884739,1.24229205873,0
106_JPM,1.0,16.6029712453,0.31514993202,0.0189815381454,1.18608885785,1.32800011083,1.11964639246,1.24229205873,1.26665906844,1.01961455806,0
107_JPM,0.0,0.0189815381454,0.0961697434932,5.06648843505,1.11964639246,6.32662025648,5.6505520842,1.01961455806,14.2598724674,13.9855520449,0
108_JPM,1.0,5.06648843505,382.396783473,75.4757044005,5.6505520842,13.27798811,2.34985677721,13.9855520449,14.0681338563,1.00590479454,0
109_JPM,0.0,75.4757044005,0.353219959363,0.00467991603615,2.34985677721,0.145107789205,0.0617517589209,1.00590479454,0.0717337670061,0.0713126802808,0
110_JPM,1.0,0.00467991603615,0.0097829298927,2.09040713918,0.0617517589209,0.0758888123209,1.22893361496,0.0713126802808,0.0725090124719,1.01677586912,0
111_JPM,0.0,2.09040713918,5.92037761593,2.83216484721,1.22893361496,1.49809139154,1.21901734422,1.01677586912,1.44536344721,1.42151627621,2
112_JPM,1.0,2.83216484721,1.62594932469,0.574101230829,1.21901734422,1.35228420238,1.1093231846,1.42151627621,1.42703677917,1.00388353131,0
113_JPM,0.0,0.574101230829,1.10296721854,1.92120685223,1.1093231846,1.0948513139,0.986954324133,1.00388353131,1.09414390598,1.08991120171,0
114_JPM,1.0,1.92120685223,0.863245976446,0.449324847788,0.986954324133,1.14057995133,1.15565626843,1.08991120171,1.10298548747,1.01199573482,0
115_JPM,0.0,0.449324847788,0.0764144156774,0.170064967592,1.15565626843,0.290308974431,0.25120702614,1.01199573482,0.319104516207,0.315321997145,0
116_JPM,1.0,0.170064967592,0.128486756876,0.75551572258,0.25120702614,0.316553859895,1.26013139345,0.315321997145,0.318615699289,1.01044551974,0
117_JPM,0.0,0.75551572258,1.2032787872,1.59265883058,1.26013139345,1.87070018867,1.48452788208,1.01044551974,1.42941780889,1.41464114687,0
118_JPM,1.0,1.59265883058,4.05205787141,2.54420959067,1.48452788208,4.2806602388,2.88351622793,1.41464114687,9.64235949972,6.81611695024,1
119_JPM,0.0,2.54420959067,0.758570351033,0.298155605503,2.88351622793,0.626945342678,0.217423899545,6.81611695024,0.834373708425,0.122411882677,0
120_JPM,1.0,0.298155605503,0.542978190623,1.82112353617,0.217423899545,0.274965204039,1.26465031956,0.122411882677,0.123376441042,1.00787961384,0
121_JPM,0.0,1.82112353617,4.76955104643,2.61901565253,1.26465031956,1.81938006144,1.4386427879,1.00787961384,1.62772787128,1.61500227698,2
122_JPM,1.0,2.61901565253,66.6956591924,25.4659261497,1.4386427879,1.57666140208,1.09593668098,1.61500227698,1.61757977803,1.00159597363,0
123_JPM,0.0,25.4659261497,96.4883122766,3.78891824744,1.09593668098,1.08665173172,0.991527841505,1.00159597363,1.00117425756,0.999578955904,0
124_JPM,1.0,3.78891824744,0.0992821381258,0.0262032938275,0.991527841505,1.02791069761,1.03669373121,0.999578955904,1.0063760992,1.0068000064,0
125_JPM,0.0,0.0262032938275,0.0559962766909,2.13699380924,1.03669373121,0.982130856646,0.947368376094,1.0068000064,1.00643007294,0.999632565103,0
126_JPM,1.0,2.13699380924,0.61551991316,0.288030742298,0.947368376094,1.07402677325,1.13369498112,0.999632565103,1.01890673373,1.01928125323,0
127_JPM,0.0,0.288030742298,0.353429487104,1.22705473827,1.13369498112,0.98111989892,0.865417872761,1.01928125323,1.02269512566,1.00334929384,0
128_JPM,1.0,1.22705473827,0.418451061103,0.341020696186,0.865417872761,1.03930961223,1.20093384357,1.00334929384,1.02572165142,1.0222976761,0
129_JPM,0.0,0.341020696186,1.70965013926,5.0133324997,1.20093384357,3.11810711625,2.59640206906,1.0222976761,3.29249380862,3.22068012632,0
130_JPM,1.0,5.0133324997,0.647368304373,0.129129337504,2.59640206906,1.78034770582,0.68569799995,3.22068012632,3.36799249922,1.04573952306,0
131_JPM,0.0,0.129129337504,0.141387648432,1.09493048725,0.68569799995,0.4074338662,0.594188500229,1.04573952306,0.479768833525,0.458784260275,0
132_JPM,1.0,1.09493048725,2.2755760154,2.07828354576,0.594188500229,0.943513384218,1.58790246505,0.458784260275,0.474163597358,1.03352193703,1
133_JPM,0.0,2.07828354576,0.846569893365,0.407340901627,1.58790246505,0.509935769731,0.321137967195,1.03352193703,0.435192095964,0.421076786444,0
134_JPM,1.0,0.407340901627,0.173519865217,0.425981934354,0.321137967195,0.34528804946,1.07520157917,0.421076786444,0.42703249264,1.01414399081,0
135_JPM,0.0,0.425981934354,0.45951735873,1.078724992,1.07520157917,0.742907220809,0.690946921211,1.01414399081,0.765029958825,0.754360293766,0
136_JPM,1.0,1.078724992,1.62510957213,1.50650961476,0.690946921211,0.833808515994,1.20676203974,0.754360293766,0.760895799161,1.00866363918,0
137_JPM,0.0,1.50650961476,18.8107825602,12.4863342231,1.20676203974,1.7887289389,1.48225489367,1.00866363918,1.48613711592,1.47337234951,0
138_JPM,1.0,12.4863342231,5.9651275524,0.477732491042,1.48225489367,1.2992277154,0.876521117213,1.47337234951,1.43030176505,0.970767345756,0
139_JPM,0.0,0.477732491042,0.106858316471,0.223678143049,0.876521117213,1.048163415,1.19582220487,0.970767345756,0.990643687601,1.02047487684,0
140_JPM,1.0,0.223678143049,0.105108950235,0.469911582787,1.19582220487,0.457925606838,0.382937869003,1.02047487684,0.499215763086,0.489199464304,0
141_JPM,0.0,0.469911582787,1.54682753312,3.29174165902,0.382937869003,0.484929748592,1.26634054202,0.489199464304,0.503482416299,1.02919658143,0
142_JPM,1.0,3.29174165902,13.3763443802,4.06360697946,1.26634054202,1.21876703783,0.962432297943,1.02919658143,1.07019092671,1.03983140444,0
143_JPM,0.0,4.06360697946,0.34912039364,0.0859139172181,0.962432297943,1.12378988692,1.16765604118,1.03983140444,1.06496238596,1.02416832326,0
144_JPM,1.0,0.0859139172181,3.50929875622,40.8466854946,1.16765604118,2.31980514467,1.98671960137,1.02416832326,2.29654247887,2.24234867131,0
145_JPM,0.0,40.8466854946,6.41100802188,0.156952955772,1.98671960137,2.03635209622,1.02498213377,2.24234867131,2.24472499087,1.00105974579,0
146_JPM,1.0,0.156952955772,0.311914537756,1.98731228871,1.02498213377,0.985167829496,0.961156099248,1.00105974579,1.02616599578,1.02507967192,0
147_JPM,0.0,1.98731228871,0.151215580938,0.0760904976018,0.961156099248,0.961551770104,1.00041166139,1.02507967192,1.03265814899,1.00739306151,0
148_JPM,1.0,0.0760904976018,0.131398083742,1.72686587529,1.00041166139,1.23345893427,1.2329513758,1.00739306151,1.15150991407,1.14305920704,0
149_JPM,0.0,1.72686587529,7.20289293928,4.17107839256,1.2329513758,4.60101258179,3.73170643394,1.14305920704,8.75920252292,7.66294735129,2
150_JPM,1.0,4.17107839256,0.582465159046,0.13964378135,3.73170643394,0.373688029921,0.100138646096,7.66294735129,0.458242459202,0.0597997660946,0
151_JPM,0.0,0.13964378135,0.10187148771,0.72950966183,0.100138646096,0.134156991816,1.33971245915,0.0597997660946,0.0609271809025,1.01885316418,0
152_JPM,1.0,0.72950966183,0.880896329579,1.20751838621,1.33971245915,1.04357182858,0.778952096363,1.01885316418,0.990626864029,0.972296007765,0
153_JPM,0.0,1.20751838621,0.692731393064,0.573681859402,0.778952096363,0.728876261347,0.935713845241,0.972296007765,1.06178792621,1.09204184501,0
154_JPM,1.0,0.573681859402,0.679945429629,1.18523083567,0.935713845241,0.663164768818,0.708726040756,1.09204184501,0.706643931449,0.647085031292,0
155_JPM,0.0,1.18523083567,0.798454299545,0.673669867096,0.708726040756,1.03570125022,1.46135627967,0.647085031292,0.679256761773,1.04971793339,0
156_JPM,1.0,0.673669867096,1.70566278934,2.53189710961,1.46135627967,1.98772413822,1.36019132766,1.04971793339,1.58489041438,1.50982503392,0
157_JPM,0.0,2.53189710961,3.23345869808,1.27708929632,1.36019132766,0.867833341745,0.638022992867,1.50982503392,1.16053924541,0.768658102321,0
158_JPM,1.0,1.27708929632,0.635857160214,0.497895614696,0.638022992867,0.437445368698,0.685626338845,0.768658102321,0.531311136145,0.691219066761,0
159_JPM,0.0,0.497895614696,45.5529113771,91.4908869101,0.685626338845,0.821042412528,1.19750710556,0.691219066761,0.691980175151,1.00110111024,0
160_JPM,1.0,91.4908869101,2.38681696921,0.0260880296368,1.19750710556,0.926398991094,0.773606258192,1.00110111024,0.846031729898,0.845101180338,0
161_JPM,0.0,0.0260880296368,0.13153312838,5.04189585075,0.773606258192,0.846732428771,1.09452634309,0.845101180338,0.846171159951,1.00126609646,0
162_JPM,1.0,5.04189585075,1.4327512245,0.284169143296,1.09452634309,0.965379652133,0.88200677693,1.00126609646,0.973684862469,0.972453642355,0
163_JPM,0.0,0.284169143296,0.0478373873387,0.168341244879,0.88200677693,1.03128564696,1.1692491191,0.972453642355,0.984628120315,1.01251934018,0
164_JPM,1.0,0.168341244879,0.324184459237,1.92575776347,1.1692491191,3.02087066773,2.58359883997,1.01251934018,2.47938529143,2.44872882229,0
165_JPM,0.0,1.92575776347,2.94797686838,1.53081396025,2.58359883997,2.94366250509,1.13936515978,2.44872882229,5.34077813537,2.1810410719,2
166_JPM,1.0,1.53081396025,3.86107108335,2.52223404255,1.13936515978,3.21415648091,2.82100646428,2.1810410719,2.89484162767,1.32727515541,1
167_JPM,0.0,2.52223404255,0.429210047297,0.170170586891,2.82100646428,0.27049996539,0.0958877509906,1.32727515541,0.217543861797,0.163902609726,0
168_JPM,1.0,0.170170586891,0.169602247473,0.996660178305,0.0958877509906,0.151313330263,1.57802564665,0.163902609726,0.168750777203,1.02957956243,0
169_JPM,0.0,0.996660178305,2.06478298822,2.07170210385,1.57802564665,3.15491926831,1.99928263207,1.02957956243,1.769406621,1.71857201286,0
170_JPM,1.0,2.07170210385,0.610097095343,0.294490744692,1.99928263207,0.419619729295,0.209885147084,1.71857201286,0.596062239108,0.346835765187,0
171_JPM,0.0,0.294490744692,0.430106291818,1.46050869024,0.209885147084,0.283662129007,1.35151120957,0.346835765187,0.350304675071,1.0100015922,0
172_JPM,1.0,1.46050869024,1.73966901099,1.19113910285,1.35151120957,1.41488001084,1.04688736639,1.0100015922,1.35910725146,1.34564862269,0
173_JPM,0.0,1.19113910285,1.8581987338,1.56001824586,1.04688736639,1.35629046966,1.29554574178,1.34564862269,1.35856552577,1.00959901631,0
174_JPM,1.0,1.56001824586,1.69084670683,1.08386341719,1.29554574178,1.54341936742,1.19132757543,1.00959901631,1.56389466019,1.54902553878,0
175_JPM,0.0,1.08386341719,11.6031739348,10.7053838618,1.19132757543,1.53210035167,1.28604456345,1.54902553878,1.5632831675,1.00920425672,0
176_JPM,1.0,10.7053838618,0.945291392223,0.0883005602064,1.28604456345,0.748403288771,0.581941956012,1.00920425672,0.753965182369,0.747088785397,0
177_JPM,0.0,0.0883005602064,0.0460630988913,0.521662589497,0.581941956012,0.5347887997,0.918972750074,0.747088785397,0.633621982727,0.848121394823,0
178_JPM,1.0,0.521662589497,2.99982677823,5.75051161159,0.918972750074,1.07884989213,1.17397375716,0.848121394823,0.849781815867,1.00195776342,0
179_JPM,0.0,5.75051161159,4.14656269158,0.721077179155,1.17397375716,1.03209857413,0.879149612872,1.00195776342,0.980446247168,0.978530515916,0
180_JPM,1.0,0.721077179155,0.430176659773,0.596575057717,0.879149612872,0.973035731601,1.1067919696,0.978530515916,0.978966787197,1.00044584331,0
181_JPM,0.0,0.596575057717,0.536836287658,0.899863781955,1.1067919696,1.18640886459,1.07193483254,1.00044584331,1.20274010297,1.20220410832,0
182_JPM,1.0,0.899863781955,1.08953250098,1.21077492264,1.07193483254,1.24302737274,1.15961095302,1.20220410832,1.21057319071,1.00696144884,0
183_JPM,0.0,1.21077492264,2.62078681568,2.16455326806,1.15961095302,1.66488680239,1.4357287658,1.00696144884,1.68064789823,1.66902903797,0
184_JPM,1.0,2.16455326806,0.859926351622,0.397276594811,1.4357287658,1.78144118765,1.24079229315,1.66902903797,1.6993420641,1.01816207235,0
185_JPM,0.0,0.397276594811,0.789585604936,1.98749590399,1.24079229315,1.19885845765,0.96620398456,1.01816207235,1.25652320759,1.23410922653,0
186_JPM,1.0,1.98749590399,0.922655222003,0.464229999243,0.96620398456,1.31785871153,1.36395495422,1.23410922653,1.26746411217,1.0270274988,0
187_JPM,0.0,0.464229999243,7.2691085418,15.6584205106,1.36395495422,4.433898286,3.25076592324,1.0270274988,3.73224989448,3.63403112269,0
188_JPM,1.0,15.6584205106,3.26406617415,0.208454369451,3.25076592324,1.05899873641,0.325768991499,3.63403112269,1.30821851221,0.359991003941,0
189_JPM,0.0,0.208454369451,2.85599731215,13.7008272826,0.325768991499,0.367056490773,1.12673857964,0.359991003941,0.361592739204,1.00444937581,0
190_JPM,1.0,13.7008272826,4.08340388918,0.29804068068,1.12673857964,1.0298160939,0.913979615599,1.00444937581,0.984119644486,0.979760322611,0
191_JPM,0.0,0.29804068068,0.0241518692682,0.0810354788251,0.913979615599,0.892284297089,0.976262798273,0.979760322611,1.00755866919,1.02837259883,0
192_JPM,1.0,0.0810354788251,0.0557208236729,0.687610223088,0.976262798273,0.589326786055,0.603655887633,1.02837259883,0.661420772974,0.643172303237,0
193_JPM,0.0,0.687610223088,1.15103889343,1.67397001205,0.603655887633,0.654393722777,1.08405092402,0.643172303237,0.619998654784,0.963969766209,0
194_JPM,1.0,1.67397001205,700.50439344,418.468902308,1.08405092402,1.14048231962,1.05205603755,0.963969766209,0.964200134888,1.00023897915,1
195_JPM,0.0,418.468902308,2.65025098104,0.00633320891093,1.05205603755,0.866363057579,0.823495162483,1.00023897915,0.938339104866,0.938114914958,0
196_JPM,1.0,0.00633320891093,0.0018455723093,0.291411879074,0.823495162483,0.668355399172,0.811608166776,0.938114914958,0.769442119249,0.820200283547,0
197_JPM,0.0,0.291411879074,1.25018765859,4.29010534014,0.811608166776,0.960432432762,1.18336960134,0.820200283547,0.82483171912,1.00564671296,0
198_JPM,1.0,4.29010534014,7.12709496514,1.66128670512,1.18336960134,1.13763210587,0.961349779965,1.00564671296,1.04583210985,1.03995975562,1
199_JPM,0.0,1.66128670512,0.407288511971,0.245164492508,0.961349779965,1.02779661613,1.06911827261,1.03995975562,1.04225688141,1.00220886028,0
200_JPM,1.0,0.245164492508,0.434834132233,1.77364237286,1.06911827261,1.51135960903,1.41365052657,1.00220886028,1.74257507714,1.73873445567,0
201_JPM,0.0,1.77364237286,0.612314885982,0.345230185832,1.41365052657,1.76362908227,1.24757077448,1.73873445567,1.78595692151,1.02715910166,0
202_JPM,1.0,0.345230185832,0.37934871794,1.09882835716,1.24757077448,0.906903283106,0.726935338388,1.02715910166,0.925842794423,0.901362596042,0
203_JPM,0.0,1.09882835716,0.898457868783,0.817650784973,0.726935338388,0.90579379708,1.24604452315,0.901362596042,0.93530122686,1.03765258395,0
204_JPM,1.0,0.817650784973,1.5635740472,1.91227609138,1.24604452315,1.8501806225,1.48484310804,1.03765258395,1.44674323985,1.39424626529,0
205_JPM,0.0,1.91227609138,11.8567387447,6.20032787012,1.48484310804,3.6772658545,2.47653495147,1.39424626529,4.48559352801,3.21721753156,2
206_JPM,1.0,6.20032787012,1.15586055303,0.186419263181,2.47653495147,0.967705797599,0.390749905235,3.21721753156,1.17590447173,0.36550356331,0
207_JPM,0.0,0.186419263181,0.111546189154,0.598361924891,0.390749905235,0.480902119642,1.23071589577,0.36550356331,0.396574035992,1.08500730444,0
208_JPM,1.0,0.598361924891,0.914871012651,1.52895927129,1.23071589577,1.88972604391,1.53546894975,1.08500730444,1.68464307867,1.55265597915,0
209_JPM,0.0,1.52895927129,1.19309781742,0.780333289333,1.53546894975,0.341308593915,0.222282967018,1.55265597915,0.365628934073,0.23548612119,0
210_JPM,1.0,0.780333289333,1.92693811322,2.4693783279,0.222282967018,0.258045756724,1.16088857453,0.23548612119,0.238018492452,1.0107538026,0
211_JPM,0.0,2.4693783279,1.95664427947,0.792363105063,1.16088857453,1.17122308041,1.00890223757,1.0107538026,1.23744216286,1.22427653468,0
212_JPM,1.0,0.792363105063,0.444878706828,0.561458129468,1.00890223757,1.31025761159,1.29869630853,1.22427653468,1.24707706467,1.01862367639,0
213_JPM,0.0,0.561458129468,0.887303486351,1.58035557735,1.29869630853,2.65891667879,2.04737370956,1.01862367639,3.00700748245,2.95202983412,0
214_JPM,1.0,1.58035557735,1.01948018223,0.645095443609,2.04737370956,2.26875016656,1.10812703903,2.95202983412,3.24502156612,1.09925093866,0
215_JPM,0.0,0.645095443609,3.45284538244,5.35245662739,1.10812703903,2.20373587096,1.9887032744,1.09925093866,1.55598367744,1.41549451787,0
216_JPM,1.0,5.35245662739,1.24756909618,0.233083457378,1.9887032744,0.33354359254,0.167719134792,1.41549451787,0.288076928703,0.203516809897,0
217_JPM,0.0,0.233083457378,0.735605648458,3.15597536064,0.167719134792,0.199499659375,1.18948657601,0.203516809897,0.2065073172,1.01469415379,0
218_JPM,1.0,3.15597536064,14.6265900927,4.63457043268,1.18948657601,1.22793798704,1.03232605715,1.01469415379,1.09429027016,1.07844345616,0
219_JPM,0.0,4.63457043268,0.329427765286,0.0710805391938,1.03232605715,1.12283771531,1.08767739372,1.07844345616,1.09226150865,1.01281295965,0
220_JPM,1.0,0.0710805391938,58.7865076802,827.040823648,1.08767739372,1.67213233046,1.53734217528,1.01281295965,1.64201747809,1.62124453725,0
221_JPM,0.0,827.040823648,0.73800630204,0.000892345675011,1.53734217528,1.68343008834,1.09502628329,1.62124453725,1.64971814278,1.01756280739,0
222_JPM,1.0,0.000892345675011,0.000414801644433,0.464844124927,1.09502628329,0.332206086841,0.303377272226,1.01756280739,0.38396720394,0.377340053265,0
223_JPM,0.0,0.464844124927,0.743956487035,1.60044291654,0.303377272226,0.359816753164,1.18603727472,0.377340053265,0.379234091292,1.00501944602,0
224_JPM,1.0,1.60044291654,2.10290273264,1.3139504764,1.18603727472,0.92302910859,0.778246289776,1.00501944602,0.931865923483,0.927211833739,0
225_JPM,0.0,1.3139504764,12.6547900513,9.63110123145,0.778246289776,0.924985363106,1.18855094494,0.927211833739,0.932446769102,1.00564588929,0
226_JPM,1.0,9.63110123145,3.91555893107,0.406553605551,1.18855094494,1.10035705529,0.925797131356,1.00564588929,0.991258380196,0.985693265145,0
227_JPM,0.0,0.406553605551,0.0526435155173,0.129487267604,0.925797131356,1.03864613599,1.12189388022,0.985693265145,0.99817751064,1.01266544668,0
228_JPM,1.0,0.129487267604,0.139810510613,1.07972400067,1.12189388022,1.23861804903,1.10404207641,1.01266544668,1.65462408183,1.63392963317,0
229_JPM,0.0,1.07972400067,1.19569362567,1.10740673073,1.10404207641,1.81598391432,1.6448502762,1.63392963317,1.68301785568,1.03004304562,0
230_JPM,1.0,1.10740673073,187.706592123,169.501039605,1.6448502762,11.92060696,7.24722920528,1.03004304562,8.74058254198,8.48564783693,0
231_JPM,0.0,169.501039605,1.48060338875,0.00873506966213,7.24722920528,0.60013967427,0.0828095341365,8.48564783693,0.740459173183,0.0872601818285,0
232_JPM,1.0,0.00873506966213,0.0176167212056,2.01678084858,0.0828095341365,0.093430316465,1.12825554979,0.0872601818285,0.0879259289258,1.00762944889,0
233_JPM,0.0,2.01678084858,0.77292859247,0.383248677224,1.12825554979,0.644156859177,0.57093170009,1.00762944889,0.636448940823,0.631629952384,0
234_JPM,1.0,0.383248677224,0.191121434538,0.498687786535,0.57093170009,0.42582056683,0.745834513591,0.631629952384,0.474540651813,0.751295358971,0
235_JPM,0.0,0.498687786535,0.653238705491,1.30991518768,0.745834513591,0.836498860082,1.12156094259,0.751295358971,0.756849900876,1.00739328659,0
236_JPM,1.0,1.30991518768,9.1353854102,6.97402816315,1.12156094259,8.91878823528,7.95212092055,1.00739328659,12.4679192312,12.3764168346,1
237_JPM,0.0,6.97402816315,16.4042882752,2.35219702178,7.95212092055,14.2935829036,1.79745542685,12.3764168346,12.7848527712,1.03300114582,2
238_JPM,1.0,2.35219702178,2.03182860847,0.863800349059,1.79745542685,1.30959386829,0.728582110427,1.03300114582,1.05596795819,1.02223309477,0
239_JPM,0.0,0.863800349059,0.192722641278,0.223110168325,0.728582110427,0.270141119329,0.370776492399,1.02223309477,0.358807853922,0.351003949841,0
240_JPM,1.0,0.223110168325,0.462161744577,2.07145083547,0.370776492399,0.455209335068,1.22771897464,0.351003949841,0.355335335041,1.01233998991,0
241_JPM,0.0,2.07145083547,0.57594826208,0.278041000162,1.22771897464,0.479116900904,0.390249650614,1.01233998991,0.477402114027,0.471582787191,0
242_JPM,1.0,0.278041000162,0.76375044122,2.74689862565,0.390249650614,0.484730226002,1.24210290833,0.471582787191,0.478778285461,1.01525818682,0
243_JPM,0.0,2.74689862565,6.01221384398,2.18872796682,1.24210290833,1.38763061426,1.11716235825,1.01525818682,1.29508591178,1.27562222948,2
244_JPM,1.0,2.18872796682,0.371403565795,0.169689231108,1.11716235825,1.29226658761,1.15674018022,1.27562222948,1.29455552337,1.01484239883,0
245_JPM,0.0,0.169689231108,0.230688634036,1.35947716027,1.15674018022,0.845140751205,0.730622801609,1.01484239883,0.845076387372,0.832716871451,0
246_JPM,1.0,1.35947716027,7.38618093865,5.43310410391,0.730622801609,0.805561684582,1.10256849746,0.832716871451,0.837349304138,1.0055630345,1
247_JPM,0.0,5.43310410391,3.50220647022,0.644605073499,1.10256849746,1.00907569813,0.91520454326,1.0055630345,0.979823815099,0.974403176609,0
248_JPM,1.0,0.644605073499,6.19829367303,9.61564518782,0.91520454326,0.962272455108,1.05142884418,0.974403176609,0.976341473841,1.00198921481,0
249_JPM,0.0,9.61564518782,95.8402495909,9.96711585326,1.05142884418,1.04202294974,0.991054178806,1.00198921481,1.00178927994,0.999800462048,0
250_JPM,1.0,9.96711585326,0.0313458325445,0.00314492507221,0.991054178806,1.06635096456,1.07597645756,0.999800462048,1.01396964191,1.01417200771,0
251_JPM,0.0,0.00314492507221,0.0105494532365,3.35443706744,1.07597645756,1.24610986748,1.15812001157,1.01417200771,1.34413986347,1.32535689533,0
252_JPM,1.0,3.35443706744,0.742982056557,0.221492322444,1.15812001157,1.40916439029,1.21676888079,1.32535689533,1.35594423062,1.02307856503,0
253_JPM,0.0,0.221492322444,0.709200576218,3.20191945434,1.21676888079,6.26043598232,5.14513157031,1.02307856503,4.51136960176,4.40960230815,0
254_JPM,1.0,3.20191945434,2.25402158453,0.703959489512,5.14513157031,1.84243279576,0.358092455088,4.40960230815,3.03629897579,0.688565263626,1
255_JPM,0.0,0.703959489512,0.67198982245,0.954585927829,0.358092455088,0.605415692294,1.69066866306,0.688565263626,0.704808422536,1.02358986108,0
256_JPM,1.0,0.954585927829,39.6592531352,41.546027423,1.69066866306,5.20509092995,3.07871734048,1.02358986108,3.65963841982,3.57529764507,0
257_JPM,0.0,41.546027423,0.341852222009,0.00822827700296,3.07871734048,0.130442664127,0.042369158874,3.57529764507,0.169475096184,0.0474016747719,0
258_JPM,1.0,0.00822827700296,0.00822739958188,0.99989336515,0.042369158874,0.0507044547022,1.19673026441,0.0474016747719,0.0475613960552,1.00336952827,0
259_JPM,0.0,0.99989336515,2.14531486604,2.14554365577,1.19673026441,1.71323017088,1.43159258341,1.00336952827,1.68812069197,1.68245162365,0
260_JPM,1.0,2.14554365577,0.999828509573,0.466002407775,1.43159258341,1.2215698847,0.853294365205,1.68245162365,1.52592174387,0.90696322106,0
261_JPM,0.0,0.466002407775,0.664974734428,1.4269770356,0.853294365205,1.07561731698,1.26054660718,0.90696322106,0.911044467191,1.00449990257,0
262_JPM,1.0,1.4269770356,5.82549162377,4.082400402,1.26054660718,3.22434822354,2.55789687202,1.00449990257,3.08029477126,3.06649583875,1
263_JPM,0.0,4.082400402,4.39262874505,1.07599165013,2.55789687202,3.24595493093,1.26899366681,3.06649583875,3.11148256241,1.01467040102,0
264_JPM,1.0,1.07599165013,1.07166549187,0.995979375618,1.26899366681,0.984162806947,0.775545877564,1.01467040102,1.06154002566,1.04619196992,0
265_JPM,0.0,0.995979375618,0.232086244093,0.233023142621,0.775545877564,0.659271974803,0.850074758792,1.04619196992,1.0574409046,1.01075226631,0
266_JPM,1.0,0.233023142621,0.515233888652,2.21108462814,0.850074758792,1.88480560798,2.21722335417,1.01075226631,1.34873172317,1.33438407028,0
267_JPM,0.0,2.21108462814,0.748636403862,0.338583333416,2.21722335417,0.329712468318,0.14870512152,1.33438407028,0.255025621734,0.191118604766,0
268_JPM,1.0,0.338583333416,0.61713992667,1.82271206454,0.14870512152,0.191101033208,1.28510054836,0.191118604766,0.194671776165,1.01859144694,0
269_JPM,0.0,1.82271206454,5.21509773226,2.86117474817,1.28510054836,1.5989424169,1.24421580782,1.01859144694,1.46121611991,1.4345458371,2
270_JPM,1.0,2.86117474817,0.486746424673,0.170121180114,1.24421580782,1.39530515162,1.1214333903,1.4345458371,1.44854861841,1.00976112506,0
271_JPM,0.0,0.170121180114,0.244591077659,1.43774618477,1.1214333903,1.99996032767,1.78339645044,1.00976112506,1.66568044867,1.64957870464,0
272_JPM,1.0,1.43774618477,4.93588535172,3.43307143082,1.78339645044,7.57495583884,4.24748845774,1.64957870464,6.40724069636,3.88416792624,1
273_JPM,0.0,3.43307143082,1.42660406126,0.415547444908,4.24748845774,0.881512132656,0.207537263827,3.88416792624,1.53572089396,0.395379634228,0
274_JPM,1.0,0.415547444908,1.28615326378,3.09508163157,0.207537263827,0.423882156936,2.04243878482,0.395379634228,0.419980257376,1.06222025875,0
275_JPM,0.0,3.09508163157,0.734690528583,0.237373554574,2.04243878482,0.541498116242,0.265123302723,1.06222025875,0.393165358682,0.370135436075,0
276_JPM,1.0,0.237373554574,0.107952759541,0.454780060628,0.265123302723,0.223763612165,0.84399828256,0.370135436075,0.358743723225,0.969222852664,0
277_JPM,0.0,0.454780060628,15.3364070605,33.7226901271,0.84399828256,1.10766215124,1.31239858437,0.969222852664,0.972373242474,1.00325042873,0
278_JPM,1.0,33.7226901271,4.86441796219,0.144247625081,1.31239858437,0.999367758871,0.761481893364,1.00325042873,0.848197832768,0.84544975858,1
279_JPM,0.0,0.144247625081,0.579678881576,4.01863726525,0.761481893364,0.847846433812,1.11341640714,0.84544975858,0.849263778344,1.00451123171,0
280_JPM,1.0,4.01863726525,5.57687627092,1.38775308713,1.11341640714,1.07261596119,0.963355627163,1.00451123171,1.00749988663,1.00297523295,0
281_JPM,0.0,1.38775308713,0.0877735509418,0.0632486800105,0.963355627163,1.01564703381,1.05428048082,1.00297523295,1.00774928368,1.00475988895,0
282_JPM,1.0,0.0632486800105,0.0905168081671,1.43112564803,1.05428048082,1.74311924698,1.65337334674,1.00475988895,1.64298982983,1.63520642882,0
283_JPM,0.0,1.43112564803,1.95504689982,1.36609032373,1.65337334674,1.37412140533,0.831101703698,1.63520642882,1.754737719,1.07309859359,0
284_JPM,1.0,1.36609032373,0.810816533067,0.593530690454,0.831101703698,1.06531866622,1.28181504319,1.07309859359,1.0779998256,1.00456736411,0
285_JPM,0.0,0.593530690454,0.641050103955,1.0800622685,1.28181504319,0.807411678211,0.629897177836,1.00456736411,0.731695979222,0.728369251641,0
286_JPM,1.0,1.0800622685,0.61083489072,0.565555254115,0.629897177836,0.546840551965,0.868142565496,0.728369251641,0.73735845099,1.0123415415,0
287_JPM,0.0,0.565555254115,0.811080202241,1.434130788,0.868142565496,1.05983801567,1.22081102551,1.0123415415,1.18651237181,1.17204749896,0
288_JPM,1.0,1.434130788,4.50855125168,3.14375180382,1.22081102551,1.80109072966,1.47532311883,1.17204749896,1.35986670961,1.16024880461,1
289_JPM,0.0,3.14375180382,2.22962541406,0.70922437686,1.47532311883,1.18884246599,0.80581836671,1.16024880461,1.27967326731,1.10293004589,0
290_JPM,1.0,0.70922437686,0.375915759139,0.530037843318,0.80581836671,1.55772146805,1.93309253351,1.10293004589,1.17141883779,1.06209713132,0
291_JPM,0.0,0.530037843318,0.820194329821,1.5474259813,1.93309253351,1.02839422682,0.531994309113,1.06209713132,0.993537474033,0.93544878781,0
292_JPM,1.0,1.5474259813,0.520714607697,0.336503725535,0.531994309113,0.223783018095,0.420649270606,0.93544878781,0.338022915567,0.361348392314,0
293_JPM,0.0,0.336503725535,0.37483741139,1.11391756746,0.420649270606,0.482639875143,1.14736886254,0.361348392314,0.362109885695,1.00210736618,0
294_JPM,1.0,1.11391756746,1.9985369559,1.79415157304,1.14736886254,1.80592051823,1.57396681851,1.00210736618,1.49987373223,1.49671959597,0
295_JPM,0.0,1.79415157304,1.72879825855,0.963574251214,1.57396681851,1.64660107885,1.04614726275,1.49671959597,2.09219807746,1.39785573937,0
296_JPM,1.0,0.963574251214,7.76737592161,8.06100402935,1.04614726275,1.4129210793,1.35059482503,1.39785573937,1.4168838078,1.01361232629,1
297_JPM,0.0,8.06100402935,2.05064345901,0.254390576105,1.35059482503,0.66182729839,0.490026532105,1.01361232629,0.571487701307,0.563812896199,0
298_JPM,1.0,0.254390576105,0.263245860586,1.03480979766,0.490026532105,0.550117870231,1.12262874393,0.563812896199,0.567320079469,1.00622047366,0
299_JPM,0.0,1.03480979766,1.88138479709,1.81809720138,1.12262874393,1.21061229102,1.07837279026,1.00622047366,1.16861667024,1.16139226028,0
300_JPM,1.0,1.81809720138,109.281943559,60.1078663319,1.07837279026,1.13482041001,1.05234518179,1.16139226028,1.16186850509,1.0004100637,0
301_JPM,0.0,60.1078663319,1.26727996545,0.0210834295539,1.05234518179,0.953358595553,0.905937150705,1.0004100637,0.965082274033,0.964686691036,0
302_JPM,1.0,0.0210834295539,0.00349630734185,0.165832002469,0.905937150705,0.970583748321,1.07135881067,0.964686691036,0.966175775258,1.00154359362,0
303_JPM,0.0,0.165832002469,0.388185443583,2.34083553115,1.07135881067,1.62432005047,1.51613076244,1.00154359362,1.98650911244,1.98344747557,0
304_JPM,1.0,2.34083553115,0.460928362475,0.19690762394,1.51613076244,0.593653183474,0.391558035876,1.98344747557,0.680678883058,0.343179686602,0
305_JPM,0.0,0.19690762394,0.631396028005,3.20655958043,0.391558035876,0.449834003083,1.14883098256,0.343179686602,0.343737225881,1.00162462786,0
306_JPM,1.0,3.20655958043,12.3348681928,3.84676095467,1.14883098256,1.26595938992,1.10195442945,1.00162462786,1.17939643805,1.17748346561,1
307_JPM,0.0,3.84676095467,0.616081668662,0.160155953521,1.10195442945,0.988488145462,0.897031781932,1.17748346561,1.17769155884,1.00017672709,0
308_JPM,1.0,0.160155953521,0.169395968064,1.05769385615,0.897031781932,1.14920314443,1.28111753404,1.00017672709,1.06386555024,1.0636775696,0
309_JPM,0.0,1.05769385615,5.8844622037,5.56348339314,1.28111753404,9.08747637766,7.09339786257,1.0636775696,14.0287488171,13.1889110179,2
310_JPM,1.0,5.56348339314,0.505209028833,0.0908080411375,7.09339786257,0.410534911545,0.0578756358375,13.1889110179,0.485411449813,0.0368045132124,0
311_JPM,0.0,0.0908080411375,0.192971784325,2.12505172347,0.0578756358375,0.0692319561868,1.19621936217,0.0368045132124,0.0370162354943,1.00575261737,0
312_JPM,1.0,2.12505172347,12.9140501518,6.0770521532,1.19621936217,1.63571463063,1.36740357359,1.00575261737,1.469523017,1.46111776556,0
313_JPM,0.0,6.0770521532,0.809470852086,0.13320123502,1.36740357359,1.55779780695,1.13923777664,1.46111776556,1.48597648485,1.01701349465,0
314_JPM,1.0,0.13320123502,0.250916682907,1.88374141478,1.13923777664,4.90552764795,4.30597347502,1.01701349465,4.24846972014,4.17739758861,0
315_JPM,0.0,1.88374141478,0.963599676631,0.51153500638,4.30597347502,1.04767287313,0.243306857139,4.17739758861,1.32549599973,0.317301853992,0
316_JPM,1.0,0.51153500638,0.6935831358,1.35588596508,0.243306857139,0.30330940847,1.24661266039,0.317301853992,0.320777314307,1.01095316738,0
317_JPM,0.0,1.35588596508,1.88968695353,1.39369165416,1.24661266039,1.29243076368,1.03675408148,1.01095316738,1.30590813588,1.29175928028,0
318_JPM,1.0,1.39369165416,0.672684168822,0.482663555323,1.03675408148,1.17602892019,1.13433739129,1.29175928028,1.31033006924,1.01437635421,0
319_JPM,0.0,0.482663555323,0.607412401087,1.25845921945,1.13433739129,1.33330565516,1.17540483581,1.01437635421,1.25565948528,1.23786352084,0
