0_JWN,1.0,0.197165285209,0.203265198897,1.03093807148,0.382153117443,0.438012974748,1.14617140292,0.381643346665,0.3829954473,1.00354283822,5,34,33,2
1_JWN,0.0,1.03093807148,59.7488761524,57.9558344047,1.14617140292,2.45263157081,2.13984711586,1.00354283822,2.17357291252,2.16589948105,34,33,2,2
2_JWN,1.0,57.9558344047,9.93925077153,0.171496983412,2.13984711586,1.97816690379,0.924443101159,2.16589948105,2.13679309818,0.986561526459,33,2,1,0
3_JWN,0.0,0.171496983412,0.0460184540692,0.268333898088,0.924443101159,1.11715932438,1.2084673713,0.986561526459,1.01057628115,1.02434187229,2,1,20,1
4_JWN,1.0,0.268333898088,1.15059038109,4.28790543905,1.2084673713,2.46699103303,2.04142130074,1.02434187229,2.66480090148,2.60147610242,1,20,2,0
5_JWN,0.0,4.28790543905,1.81777511272,0.423930783587,2.04142130074,2.97374488267,1.45670317126,2.60147610242,2.71573449371,1.04392059999,20,2,7,0
6_JWN,1.0,0.423930783587,0.105982593082,0.249999757472,1.45670317126,0.286656181878,0.196784209394,1.04392059999,0.277988548146,0.266292808235,2,7,19,2
7_JWN,0.0,0.249999757472,0.417290436626,1.66916336578,0.196784209394,0.222230976151,1.12931305228,0.266292808235,0.266946538508,1.00245493026,7,19,23,1
8_JWN,1.0,1.66916336578,2.32987301,1.39583282126,1.12931305228,1.55944145265,1.38087614369,1.00245493026,1.5509047955,1.54710675631,19,23,13,1
9_JWN,0.0,1.39583282126,0.728943765615,0.522228560979,1.38087614369,1.60602306034,1.16304642358,1.54710675631,1.56624227763,1.01236858494,23,13,32,0
10_JWN,1.0,0.522228560979,0.87907253032,1.68330994512,1.16304642358,2.33672431739,2.00914105405,1.01236858494,1.92142801665,1.89795302347,13,32,24,0
11_JWN,0.0,1.68330994512,1.06076377585,0.630165454035,2.00914105405,1.17775252643,0.586197033827,1.89795302347,1.5902932377,0.837899156637,32,24,15,0
12_JWN,1.0,0.630165454035,2.00969740467,3.18915832628,0.586197033827,0.87628271111,1.49486036357,0.837899156637,0.859867740819,1.02621864935,24,15,7,1
13_JWN,0.0,3.18915832628,3.36310112819,1.05454191486,1.49486036357,1.1919142622,0.797341538549,1.02621864935,1.06581072458,1.03858054543,15,7,8,2
14_JWN,1.0,1.05454191486,1.02330662383,0.97038022805,0.797341538549,1.03799365917,1.30181811556,1.03858054543,1.06072173039,1.02131869796,7,8,6,0
15_JWN,0.0,0.97038022805,1.64057239201,1.69064903074,1.30181811556,1.25904068241,0.967140238223,1.02131869796,1.27571035654,1.24908156395,8,6,3,2
16_JWN,1.0,1.69064903074,0.47921064447,0.283447738564,0.967140238223,0.742808908406,0.768046741361,1.24908156395,0.88689726094,0.710039509458,6,3,30,2
17_JWN,0.0,0.283447738564,0.369815527696,1.30470445652,0.768046741361,0.903611643015,1.17650605667,0.710039509458,0.720368253683,1.01454671759,3,30,26,1
18_JWN,1.0,1.30470445652,8.75360541516,6.70926306061,1.17650605667,2.453216648,2.08517128671,1.01454671759,2.16795511041,2.13687065644,30,26,4,1
19_JWN,0.0,6.70926306061,3.79534140134,0.565686777678,2.08517128671,1.63716069864,0.785144467064,2.13687065644,2.03999154858,0.954663092232,26,4,5,2
20_JWN,1.0,0.565686777678,0.330042727833,0.583437232151,0.785144467064,0.951828386577,1.21229713321,0.954663092232,0.960804806224,1.00643338372,4,5,24,2
21_JWN,0.0,0.583437232151,6.54339854193,11.2152570685,1.21229713321,13.6226873335,11.2370861568,1.00643338372,10.6408883734,10.5728690498,5,24,3,2
22_JWN,1.0,11.2152570685,0.934126385167,0.0832906797818,11.2370861568,1.52705076705,0.135893838113,10.5728690498,2.77061556123,0.262049548535,24,3,5,2
23_JWN,0.0,0.0832906797818,0.0208229080336,0.250002858521,0.135893838113,0.0218660110544,0.160905095905,0.262049548535,0.0272239401687,0.103888521544,3,5,19,1
24_JWN,1.0,0.250002858521,0.180906233301,0.723616659311,0.160905095905,0.116555701926,0.724375454179,0.103888521544,0.0757971817657,0.729601120885,5,19,36,2
25_JWN,0.0,0.723616659311,1.44500021884,1.99691397406,0.724375454179,0.861680143789,1.18954906439,0.729601120885,0.734543529524,1.00677412424,19,36,19,0
26_JWN,1.0,1.99691397406,106.753629613,53.4593032047,1.18954906439,2.57783940615,2.16707278692,1.00677412424,2.26256189264,2.24733814483,36,19,1,0
27_JWN,0.0,53.4593032047,0.467436189573,0.00874377632239,2.16707278692,1.06901244302,0.493297894502,2.24733814483,1.40504233938,0.625202906206,19,1,21,1
28_JWN,1.0,0.00874377632239,0.0241149276862,2.75795340561,0.493297894502,0.657402336663,1.33266803688,0.625202906206,0.630305748711,1.00816189825,1,21,18,2
29_JWN,0.0,2.75795340561,3.477433048,1.26087447341,1.33266803688,1.50816153544,1.13168583151,1.00816189825,1.39633607273,1.38503158586,21,18,12,2
30_JWN,1.0,1.26087447341,2.50750662061,1.98870440594,1.13168583151,1.49909589466,1.32465729704,1.38503158586,1.41510315421,1.02171182857,18,12,4,1
31_JWN,0.0,1.98870440594,0.526464483375,0.264727368131,1.32465729704,0.589575905882,0.445078064493,1.02171182857,0.581001606955,0.568655065657,12,4,11,1
32_JWN,1.0,0.264727368131,0.368561194384,1.39222928474,0.445078064493,0.575104460718,1.29214289941,0.568655065657,0.579915598146,1.01980204375,4,11,16,2
33_JWN,0.0,1.39222928474,60.2369285973,43.2665289098,1.29214289941,1.66361293431,1.28748371026,1.01980204375,1.43554776921,1.40767296752,11,16,1,2
34_JWN,1.0,43.2665289098,0.630695406342,0.0145769818433,1.28748371026,1.38987559613,1.07952868457,1.40767296752,1.42691272417,1.01366777447,16,1,25,2
35_JWN,0.0,0.0145769818433,0.0448381056341,3.0759526297,1.07952868457,3.66293109703,3.3930836201,1.01366777447,3.11499457227,3.07299358896,1,25,11,0
36_JWN,1.0,3.0759526297,2.81386032297,0.914793126461,3.3930836201,1.94756858712,0.573981901177,3.07299358896,2.63795366628,0.858431229974,25,11,11,1
37_JWN,0.0,0.914793126461,0.332302141544,0.363253867932,0.573981901177,0.484422823155,0.843968811841,0.858431229974,0.89613504045,1.04392176002,11,11,12,1
38_JWN,1.0,0.363253867932,0.412421327251,1.13535288584,0.843968811841,0.26807753983,0.317639154515,1.04392176002,0.245621653251,0.235287415837,11,12,42,2
39_JWN,0.0,1.13535288584,2.0029513842,1.76416637433,0.317639154515,0.413201267,1.30085117381,0.235287415837,0.239998421752,1.02002234543,12,42,5,2
40_JWN,1.0,1.76416637433,13.463492187,7.63164539521,1.30085117381,1.30893058434,1.00621086461,1.02002234543,1.14048196521,1.1180950793,42,5,1,0
41_JWN,0.0,7.63164539521,0.335996870504,0.0440267927956,1.00621086461,1.0380968295,1.03168914788,1.1180950793,1.12015590785,1.00184316037,5,1,19,1
42_JWN,1.0,0.0440267927956,3.56717898733,81.022912659,1.03168914788,83.1677238067,80.6131614133,1.00184316037,54.0135314688,53.9141590274,1,19,1,0
43_JWN,0.0,81.022912659,2.33502816455,0.0288193560059,80.6131614133,2.24349131676,0.0278303353625,53.9141590274,2.90026101738,0.053794050945,19,1,11,0
44_JWN,1.0,0.0288193560059,0.0148400609126,0.514933814259,0.0278303353625,0.012740919795,0.457806908507,0.053794050945,0.0279473595503,0.51952509728,1,11,17,0
45_JWN,0.0,0.514933814259,0.598069413848,1.16144909751,0.457806908507,0.654435684671,1.4295015486,0.51952509728,0.520090248055,1.00108782189,11,17,22,1
46_JWN,1.0,1.16144909751,1.87295058347,1.61259807898,1.4295015486,1.97294423366,1.3801623619,1.00108782189,1.32257967095,1.32114250321,17,22,31,1
47_JWN,0.0,1.61259807898,5.1713883062,3.20686746041,1.3801623619,2.62330459407,1.90072173136,1.32114250321,2.45938769056,1.86156125065,22,31,14,2
48_JWN,1.0,3.20686746041,2.05572507464,0.641038365325,1.90072173136,1.13128624062,0.595187723671,1.86156125065,1.31515353603,0.70647878794,31,14,19,1
49_JWN,0.0,0.641038365325,3.1900416842,4.97636624694,0.595187723671,0.697098622296,1.17122479946,0.70647878794,0.710895835889,1.0062522018,14,19,4,2
50_JWN,1.0,4.97636624694,16.2223107731,3.25987075067,1.17122479946,1.15482160317,0.985994835238,1.0062522018,1.03619651132,1.02975825491,19,4,1,1
51_JWN,0.0,3.25987075067,46.6794641811,14.3194217658,0.985994835238,1.00560870401,1.01989246604,1.02975825491,1.03008675606,1.00031900804,4,1,1,0
52_JWN,1.0,14.3194217658,0.391262442544,0.0273238995919,1.01989246604,0.962410095587,0.943638792946,1.00031900804,0.983286554176,0.982972977897,1,1,2,0
53_JWN,0.0,0.0273238995919,0.0021507915027,0.0787146613338,0.943638792946,1.02101805546,1.08200093414,0.982972977897,0.990598683739,1.00775779804,1,2,21,1
54_JWN,1.0,0.0787146613338,0.109475034714,1.39078327797,1.08200093414,1.41916470677,1.31161135077,1.00775779804,1.80604015518,1.79213711736,2,21,11,2
55_JWN,0.0,1.39078327797,2.44100255203,1.75512791295,1.31161135077,1.96351716414,1.49702666341,1.79213711736,1.83455379765,1.02366821148,21,11,16,0
56_JWN,1.0,1.75512791295,1.61519758893,0.9202734325,1.49702666341,1.61742144493,1.08042260332,1.02366821148,2.59213946408,2.53220666131,11,16,9,0
57_JWN,0.0,0.9202734325,0.384165359317,0.417446973639,1.08042260332,0.306465219719,0.283653099053,2.53220666131,0.378584572011,0.149507770355,16,9,20,1
58_JWN,1.0,0.417446973639,1.36946158481,3.28056417053,0.283653099053,0.337073963114,1.18833167781,0.149507770355,0.151289049441,1.01191429102,9,20,12,0
59_JWN,0.0,3.28056417053,1.90938479827,0.582029400744,1.18833167781,0.97405522991,0.819682962339,1.01191429102,0.977719108616,0.96620743208,20,12,12,2
60_JWN,1.0,0.582029400744,0.804402659617,1.38206533654,0.819682962339,0.973102838586,1.18716977575,0.96620743208,0.976836480718,1.01100079371,12,12,11,0
61_JWN,0.0,1.38206533654,0.707856072231,0.512172654587,1.18716977575,0.549701840365,0.463035575529,1.01100079371,0.549997843685,0.544013265973,12,11,20,1
62_JWN,1.0,0.512172654587,0.45975144603,0.897649341316,0.463035575529,0.538980751989,1.16401585639,0.544013265973,0.547856693524,1.00706495189,11,20,21,2
63_JWN,0.0,0.897649341316,0.748843685277,0.834227410204,1.16401585639,1.02366227126,0.879422961158,1.00706495189,0.959118687834,0.952390097615,20,21,21,0
64_JWN,1.0,0.834227410204,0.939865786058,1.12663019047,0.879422961158,0.988727040099,1.12429068124,0.952390097615,0.964733371475,1.0129603131,21,21,12,1
65_JWN,0.0,1.12663019047,0.723168884374,0.641886654989,1.12429068124,0.823782309227,0.732712921109,1.0129603131,0.874869018021,0.863675512956,21,12,9,0
66_JWN,1.0,0.641886654989,0.546835679384,0.851919377251,0.732712921109,0.847192139897,1.15624020744,0.863675512956,0.869482512776,1.00672358974,12,9,17,2
67_JWN,0.0,0.851919377251,33.2477929509,39.0269241887,1.15624020744,3.41525969237,2.95376312845,1.00672358974,3.13307924933,3.11215439993,9,17,1,2
68_JWN,1.0,39.0269241887,10.413298035,0.266823436678,2.95376312845,3.43542692168,1.16306784677,3.11215439993,3.1876789773,1.02426761904,17,1,2,1
69_JWN,0.0,0.266823436678,0.0302629326735,0.113419319721,1.16306784677,0.267341864305,0.229859216766,1.02426761904,0.289780048075,0.282914389452,1,2,21,1
70_JWN,1.0,0.113419319721,0.12294810807,1.0840138027,0.229859216766,0.258351878923,1.12395701403,0.282914389452,0.283550988668,1.00225014789,2,21,36,2
71_JWN,0.0,1.0840138027,1.20194778661,1.10879380283,1.12395701403,4.13292161769,3.67711715494,1.00225014789,4.78665085148,4.77590436037,21,36,10,0
72_JWN,1.0,1.10879380283,1.40838374446,1.27019445894,3.67711715494,4.89116154533,1.33016200987,4.77590436037,7.05594198625,1.47740437284,36,10,10,1
73_JWN,0.0,1.27019445894,74.6313187837,58.7558214085,1.33016200987,2.44147951112,1.83547529775,1.47740437284,1.85146747991,1.25318938671,10,10,1,2
74_JWN,1.0,58.7558214085,0.910982457045,0.0155045480636,1.83547529775,0.422671178079,0.230278870327,1.25318938671,0.355615241383,0.283768155998,10,1,12,0
75_JWN,0.0,0.0155045480636,1.34533239237,86.7701778119,0.230278870327,0.278737944169,1.21043647545,0.283768155998,0.28412656771,1.00126304416,1,12,1,0
76_JWN,1.0,86.7701778119,8.94980743712,0.103143818104,1.21043647545,1.13483803178,0.937544476555,1.00126304416,0.989150435755,0.987902671059,12,1,1,0
77_JWN,0.0,0.103143818104,0.0052560759061,0.050958709913,0.937544476555,0.556623170888,0.593703216015,0.987902671059,0.63636728221,0.644159896367,1,1,20,0
78_JWN,1.0,0.050958709913,7.83517720952,153.755407523,0.593703216015,0.677303535524,1.14081163324,0.644159896367,0.644801194807,1.00099555785,1,20,2,0
79_JWN,0.0,153.755407523,2.40965390883,0.0156719945506,1.14081163324,0.764964776679,0.670544333865,1.00099555785,0.790185844336,0.78939995102,20,2,7,2
80_JWN,1.0,0.0156719945506,0.00981621654132,0.626354004248,0.670544333865,0.792616376328,1.18204917453,0.78939995102,0.790343751847,1.00119559271,2,7,18,2
81_JWN,0.0,0.626354004248,0.822605911387,1.31332426361,1.18204917453,1.90652029235,1.61289422931,1.00119559271,2.08413163538,2.08164283838,7,18,7,0
82_JWN,1.0,1.31332426361,0.698012125606,0.531484984286,1.61289422931,0.808797702082,0.501457372335,2.08164283838,0.94805476431,0.455435844628,18,7,20,2
83_JWN,0.0,0.531484984286,0.660546536523,1.24283198219,0.501457372335,0.601504470164,1.19951266717,0.455435844628,0.457951062495,1.0055226612,7,20,18,1
84_JWN,1.0,1.24283198219,5.06196688459,4.0729293719,1.19951266717,5.20446640613,4.33881737855,1.0055226612,6.41379482275,6.37856815192,20,18,6,1
85_JWN,0.0,4.0729293719,1.17049189033,0.28738330166,4.33881737855,0.797883400117,0.183894211372,6.37856815192,0.907215765312,0.142228748475,18,6,30,0
86_JWN,1.0,0.28738330166,0.274924866579,0.956648716159,0.183894211372,0.211829928736,1.15191189084,0.142228748475,0.143223471136,1.00699382278,6,30,17,2
87_JWN,0.0,0.956648716159,3.17407622905,3.31791197274,1.15191189084,2.02988477715,1.76218753647,1.00699382278,1.9855335713,1.97174354638,30,17,13,2
88_JWN,1.0,3.31791197274,3.9393384176,1.18729443396,1.76218753647,1.95332664762,1.10846695212,1.97174354638,1.97918948554,1.00377632232,17,13,3,1
89_JWN,0.0,1.18729443396,1.04711859109,0.88193674723,1.10846695212,0.837851875192,0.755865453265,1.00377632232,0.847553578814,0.844364984476,13,3,10,0
90_JWN,1.0,0.88193674723,0.534895510582,0.606500990306,0.755865453265,0.950747294119,1.25782609856,0.844364984476,0.866070169727,1.02570592771,3,10,8,2
91_JWN,0.0,0.606500990306,0.357807892334,0.589954341465,1.25782609856,0.594835526138,0.472907603697,1.02570592771,0.571978252005,0.557643508294,10,8,24,1
92_JWN,1.0,0.589954341465,0.40244800873,0.68216806021,0.472907603697,0.504525923647,1.06685940277,0.557643508294,0.558578237943,1.00167621363,8,24,17,2
93_JWN,0.0,0.68216806021,1.70409331481,2.49805497239,1.06685940277,1.94855340042,1.82643879348,1.00167621363,2.12241884232,2.11886716829,24,17,8,2
94_JWN,1.0,2.49805497239,1.07504477645,0.430352729757,1.82643879348,2.3483176779,1.2857357642,2.11886716829,2.18042930965,1.0290542712,17,8,16,0
95_JWN,0.0,0.430352729757,0.25633514615,0.595639642614,1.2857357642,0.235706675315,0.18332435161,1.0290542712,0.218728650594,0.212553075882,8,16,33,1
96_JWN,1.0,0.595639642614,0.0939746426594,0.157770967438,0.18332435161,0.0738713681272,0.40295447647,0.212553075882,0.0941435003288,0.442917609817,16,33,20,2
97_JWN,0.0,0.157770967438,0.683833864292,4.33434538304,0.40295447647,0.487130501944,1.2088971097,0.442917609817,0.445387439144,1.00557627259,33,20,42,1
98_JWN,1.0,4.33434538304,34.4173964357,7.94062156892,1.2088971097,18.2330480397,15.0823820269,1.00557627259,20.0998281155,19.9883675295,20,42,8,1
99_JWN,0.0,7.94062156892,76.1344988278,9.58797723415,15.0823820269,20.5756010462,1.3642142872,19.9883675295,20.1911218553,1.01014361605,42,8,1,2
100_JWN,1.0,9.58797723415,0.499168236471,0.052061892126,1.3642142872,0.492337482498,0.36089453623,1.01014361605,0.483833001488,0.478974468381,8,1,11,2
101_JWN,0.0,0.052061892126,0.0245460430472,0.47147812046,0.36089453623,0.271094262272,0.751173085367,0.478974468381,0.326348998735,0.681349466992,1,11,27,1
102_JWN,1.0,0.47147812046,0.774548780375,1.64280959553,0.751173085367,0.914819454359,1.21785440956,0.681349466992,0.68845847362,1.0104337157,11,27,24,2
103_JWN,0.0,1.64280959553,1.48588314064,0.904476784579,1.21785440956,1.23397863017,1.01323985895,1.0104337157,1.31276025733,1.2992047246,27,24,12,0
104_JWN,1.0,0.904476784579,16.0705729863,17.7678114688,1.01323985895,1.25400106854,1.23761521762,1.2992047246,1.30107613008,1.00144042386,24,12,3,1
105_JWN,0.0,17.7678114688,1.88300514111,0.105978451224,1.23761521762,0.878993377851,0.710231552859,1.00144042386,0.774433983429,0.773320074746,12,3,8,2
106_JWN,1.0,0.105978451224,0.0481523970026,0.454360263301,0.710231552859,0.774582980017,1.09060626341,0.773320074746,0.774463606486,1.00147873019,3,8,21,2
107_JWN,0.0,0.454360263301,0.940248135733,2.06938901061,1.09060626341,3.58855421259,3.29042142247,1.00147873019,4.62744184384,4.62060920951,8,21,13,0
108_JWN,1.0,2.06938901061,1.70849080314,0.825601563736,3.29042142247,2.07545073684,0.630755295558,4.62060920951,2.41388674727,0.522417421129,21,13,28,0
109_JWN,0.0,0.825601563736,1.28784238973,1.55988366095,0.630755295558,0.798098884824,1.26530667352,0.522417421129,0.531586203217,1.01755068211,13,28,5,2
110_JWN,1.0,1.55988366095,0.722709679488,0.46330998752,1.26530667352,0.404259466375,0.319495245569,1.01755068211,0.443693014599,0.43604021146,28,5,12,2
111_JWN,0.0,0.46330998752,0.646362543664,1.39509736694,0.319495245569,0.462299503581,1.44696833518,0.43604021146,0.4470388497,1.02522390814,5,12,9,1
112_JWN,1.0,1.39509736694,5.10937799401,3.66238093133,1.44696833518,1.87799127762,1.2978800102,1.02522390814,1.66014413325,1.61929908195,12,9,2,1
113_JWN,0.0,3.66238093133,1.09576306067,0.299194180294,1.2978800102,1.61708732827,1.24594516871,1.61929908195,1.65223334406,1.02033859123,9,2,19,0
114_JWN,1.0,0.299194180294,0.162059500293,0.541653250522,1.24594516871,0.672437221818,0.539700493011,1.02033859123,0.735972650358,0.721302376175,2,19,12,2
115_JWN,0.0,0.541653250522,0.59184749009,1.09266858367,0.539700493011,0.718907098128,1.33204825165,0.721302376175,0.73277672042,1.01590781429,19,12,19,1
116_JWN,1.0,1.09266858367,4.80181314417,4.39457417914,1.33204825165,5.91883792644,4.44341105446,1.01590781429,3.60762488055,3.5511340988,12,19,4,1
117_JWN,0.0,4.39457417914,0.635076371542,0.144513744826,4.44341105446,0.349557931554,0.0786688261045,3.5511340988,0.401736847848,0.113129168505,19,4,20,0
118_JWN,1.0,0.144513744826,0.722866088926,5.00205769214,0.0786688261045,0.0877703118639,1.11569367703,0.113129168505,0.113936997119,1.00714076329,4,20,4,0
119_JWN,0.0,5.00205769214,17.862977279,3.5711258003,1.11569367703,1.09329003547,0.97991954062,1.00714076329,1.03508141781,1.02774255153,20,4,1,2
120_JWN,1.0,3.5711258003,109.031203977,30.5313254348,0.97991954062,0.999158020591,1.01963271388,1.02774255153,1.02790117392,1.00015434058,4,1,1,0
121_JWN,0.0,30.5313254348,0.34393597729,0.0112650195297,1.01963271388,0.927429619652,0.90957224795,1.00015434058,0.944601306983,0.944455539163,1,1,9,0
122_JWN,1.0,0.0112650195297,0.0231533709664,2.05533340669,0.90957224795,0.965908908817,1.06193753272,0.944455539163,0.950439266551,1.00633563692,1,9,2,0
123_JWN,0.0,2.05533340669,9.20062205706,4.47646208012,1.06193753272,1.0403813302,0.97970106352,1.00633563692,1.00826070823,1.00191295154,9,2,1,0
124_JWN,1.0,4.47646208012,0.107539752268,0.0240233805946,0.97970106352,1.03024377715,1.05158993443,1.00191295154,1.01073976898,1.00880996441,2,1,19,0
125_JWN,0.0,0.0240233805946,0.0504978351411,2.10202868586,1.05158993443,1.79049808222,1.70265806433,1.00880996441,2.05091435298,2.03300366306,1,19,7,1
126_JWN,1.0,2.10202868586,3.08494802806,1.46760510397,1.70265806433,2.20410112639,1.29450602712,2.03300366306,2.0787916111,1.02252231458,19,7,10,1
127_JWN,0.0,1.46760510397,11.5308309355,7.85690299404,1.29450602712,1.51399755216,1.1695562017,1.02252231458,1.34974275914,1.32001301086,7,10,1,2
128_JWN,1.0,7.85690299404,0.577847480987,0.0735464700819,1.1695562017,1.23289553644,1.05415672598,1.32001301086,1.32685805164,1.00518558584,10,1,9,2
129_JWN,0.0,0.0735464700819,0.0377676015291,0.513520247635,1.05415672598,0.424423177983,0.40261866905,1.00518558584,0.491317132608,0.488782508949,1,9,15,1
130_JWN,1.0,0.513520247635,2.22520091596,4.33322916907,0.40261866905,0.481522205588,1.1959758516,0.488782508949,0.489367525934,1.00119688609,9,15,5,1
131_JWN,0.0,4.33322916907,4.80536777015,1.1089576809,1.1959758516,1.11718277995,0.934118175093,1.00119688609,0.974888918846,0.973723482756,15,5,7,2
132_JWN,1.0,1.1089576809,6.34523597062,5.72180172417,0.934118175093,0.984366105886,1.05379183505,0.973723482756,0.976760707367,1.00311918595,5,7,1,0
133_JWN,0.0,5.72180172417,1.08594584215,0.189790890091,1.05379183505,0.901871561924,0.855834645825,1.00311918595,0.921872587629,0.919006036906,7,1,7,0
134_JWN,1.0,0.189790890091,0.0172969858875,0.0911370713278,0.855834645825,0.916916033795,1.07137054835,0.919006036906,0.920889403038,1.00204935121,1,7,18,0
135_JWN,0.0,0.0911370713278,0.237299526309,2.60376510734,1.07137054835,1.72103990782,1.60639090786,1.00204935121,1.5877863674,1.5845390903,7,18,27,1
136_JWN,1.0,2.60376510734,2.58421397923,0.992491208957,1.60639090786,1.59589372656,0.993465363098,1.5845390903,2.11339329196,1.33375901226,18,27,24,1
137_JWN,0.0,0.992491208957,2.50507756517,2.52402997887,0.993465363098,1.53221825626,1.54229660456,1.33375901226,1.37455691694,1.0305886628,27,24,12,2
138_JWN,1.0,2.52402997887,0.957387505598,0.379309086506,1.54229660456,0.541708123164,0.351234724605,1.0305886628,0.521306610703,0.505833830236,24,12,28,0
139_JWN,0.0,0.379309086506,0.230163180589,0.606795852717,0.351234724605,0.454131189621,1.29295641293,0.505833830236,0.508113747365,1.00450724525,12,28,12,1
140_JWN,1.0,0.606795852717,2.3959037396,3.94845107934,1.29295641293,2.8968646939,2.24049679088,1.00450724525,2.99397311298,2.98053909232,28,12,6,0
141_JWN,0.0,3.94845107934,4.07199044264,1.03128805722,2.24049679088,4.39969790357,1.9637153338,2.98053909232,3.19441941543,1.07175893907,12,6,10,2
142_JWN,1.0,1.03128805722,15.429777712,14.9616565459,1.9637153338,3.41106607507,1.73704712509,1.07175893907,2.7854459134,2.59894815137,6,10,1,0
143_JWN,0.0,14.9616565459,37.024699121,2.47463902192,1.73704712509,1.91759146543,1.10393750275,2.59894815137,2.61658709491,1.00678695476,10,1,1,0
144_JWN,1.0,2.47463902192,1.10051465974,0.444717249665,1.10393750275,0.997827388036,0.903880324341,1.00678695476,0.991653059105,0.984968124996,1,1,1,0
145_JWN,0.0,0.444717249665,0.00889901728649,0.0200105062108,0.903880324341,0.183833666154,0.203382750131,0.984968124996,0.303217759003,0.307845250326,1,1,10,0
146_JWN,1.0,0.0200105062108,0.0317364363752,1.58598868219,0.203382750131,0.500789523133,2.46230087267,0.307845250326,0.330896749055,1.07488015067,1,10,7,0
147_JWN,0.0,1.58598868219,61.2752649819,38.6353734237,2.46230087267,3.45599879064,1.40356478325,1.07488015067,2.22613799975,2.07105694375,10,7,1,2
148_JWN,1.0,38.6353734237,0.299392184396,0.00774917278817,1.40356478325,0.109743328809,0.0781890014048,2.07105694375,0.172652351666,0.0833643672556,7,1,26,0
149_JWN,0.0,0.00774917278817,0.0849009729034,10.9561336705,0.0781890014048,0.0876110319061,1.12050327197,0.0833643672556,0.083640295309,1.00330990401,1,26,3,0
150_JWN,1.0,10.9561336705,58.5867619958,5.34739386699,1.12050327197,1.11496589721,0.995058136018,1.00330990401,1.01810311154,1.01474440497,26,3,1,0
151_JWN,0.0,5.34739386699,0.1105735522,0.020678026521,0.995058136018,1.08440439339,1.08978998728,1.01474440497,1.03053783985,1.01556395365,3,1,21,0
152_JWN,1.0,0.020678026521,1.08668375606,52.5525854684,1.08978998728,10.3144605076,9.46463137675,1.01556395365,10.8957363671,10.7287545289,1,21,1,0
153_JWN,0.0,52.5525854684,5.46066136441,0.103908519738,9.46463137675,12.2674463164,1.29613566847,10.7287545289,11.1291270959,1.03731771157,21,1,7,0
154_JWN,1.0,0.103908519738,0.0347625524328,0.334549587662,1.29613566847,0.172534627858,0.13311463611,1.03731771157,0.209478320195,0.201942295845,1,7,13,2
155_JWN,0.0,0.334549587662,0.171169850982,0.511642690038,0.13311463611,0.178338296541,1.339734696,0.201942295845,0.21227662374,1.05117465785,7,13,16,1
156_JWN,1.0,0.511642690038,1.39205258801,2.72075144454,1.339734696,1.93844855506,1.44688986622,1.05117465785,1.45450948555,1.38369915474,13,16,8,0
157_JWN,0.0,2.72075144454,12.8115672076,4.70883411027,1.44688986622,2.16254336364,1.49461504578,1.38369915474,2.43349083461,1.75868491809,16,8,3,2
158_JWN,1.0,4.70883411027,32.1869244102,6.83543392197,1.49461504578,1.7505316852,1.1712257883,1.75868491809,1.76826500545,1.00544730171,8,3,1,1
159_JWN,0.0,6.83543392197,3.81119647509,0.557564672352,1.1712257883,1.09234565216,0.932651639904,1.00544730171,0.995719311795,0.990324714287,3,1,1,0
160_JWN,1.0,0.557564672352,0.0190060373136,0.0340875924463,0.932651639904,0.530421164014,0.568723777796,0.990324714287,0.791215528546,0.79894555506,1,1,12,0
161_JWN,0.0,0.0340875924463,0.0639352721995,1.87561712668,0.568723777796,1.24768626734,2.19383524313,0.79894555506,0.856296223505,1.07178294952,1,12,4,0
162_JWN,1.0,1.87561712668,5.12665818686,2.73331807113,2.19383524313,1.63748689288,0.746403768474,1.07178294952,1.35420201108,1.26350396943,12,4,3,1
163_JWN,0.0,2.73331807113,9.4293392264,3.4497775162,0.746403768474,0.921374234265,1.23441798284,1.26350396943,1.26919648488,1.00450534038,4,3,5,2
164_JWN,1.0,3.4497775162,9.33473429598,2.70589458367,1.23441798284,1.24005415031,1.0045658501,1.00450534038,1.05544998894,1.05071615502,3,5,1,2
165_JWN,0.0,2.70589458367,0.0801025207065,0.0296029716715,1.0045658501,0.785605190664,0.782034538192,1.05071615502,1.07535782663,1.023452263,5,1,19,1
166_JWN,1.0,0.0296029716715,0.073451520672,2.48122119249,0.782034538192,1.3175804532,1.68481107783,1.023452263,1.27378257244,1.24459402601,1,19,6,0
167_JWN,0.0,2.48122119249,1.79699585566,0.724238476236,1.68481107783,1.01660000233,0.603391095714,1.24459402601,1.08404109054,0.870999754043,19,6,5,2
168_JWN,1.0,0.724238476236,0.432859824736,0.597675819414,0.603391095714,0.644431011913,1.06801544884,0.870999754043,0.935379774209,1.07391508421,6,5,17,2
169_JWN,0.0,0.597675819414,3.2592711702,5.45324248419,1.06801544884,1.81504320153,1.69945407017,1.07391508421,1.1853175941,1.10373493355,5,17,4,2
170_JWN,1.0,5.45324248419,0.823268686648,0.150968655627,1.69945407017,0.311455902694,0.183268208397,1.10373493355,0.269194808761,0.243894435683,17,4,18,0
171_JWN,0.0,0.150968655627,0.164966346266,1.09271918453,0.183268208397,0.230001281023,1.25499825111,0.243894435683,0.24425688878,1.00148610646,4,18,27,1
172_JWN,1.0,1.09271918453,51.918245681,47.512889328,1.25499825111,11.628033032,9.26537787737,1.00148610646,9.83235498501,9.81776474136,18,27,2,0
173_JWN,0.0,47.512889328,0.760883152286,0.0160142471453,9.26537787737,1.05252732378,0.113597884264,9.81776474136,1.46103589978,0.148815533706,27,2,13,0
174_JWN,1.0,0.0160142471453,0.0073176209108,0.456944422327,0.113597884264,0.0385051316132,0.338959936292,0.148815533706,0.0409878666456,0.275427340311,2,13,30,0
175_JWN,0.0,0.456944422327,1.08402962951,2.37234459277,0.338959936292,0.386591024667,1.14052129256,0.275427340311,0.276361974471,1.00339339645,13,30,13,0
176_JWN,1.0,2.37234459277,3.74074644619,1.57681411781,1.14052129256,1.24043843299,1.08760655419,1.00339339645,1.21163100392,1.20753336449,30,13,7,1
177_JWN,0.0,1.57681411781,0.703496762712,0.446150725547,1.08760655419,1.29936639989,1.19470262006,1.20753336449,1.2279890868,1.01694008871,13,7,32,1
178_JWN,1.0,0.446150725547,1.76968361948,3.96655999453,1.19470262006,19.6528507668,16.449993862,1.01694008871,12.1584747536,11.9559400682,7,32,9,0
179_JWN,0.0,3.96655999453,13.9941692757,3.52803671064,16.449993862,25.388924748,1.54340025662,11.9559400682,50.7993907393,4.2488830196,32,9,2,2
180_JWN,1.0,3.52803671064,2.32677981802,0.659511226456,1.54340025662,2.19244248627,1.42052748589,4.2488830196,4.49165426916,1.05713766381,9,2,5,0
181_JWN,0.0,0.659511226456,0.79745317765,1.20915785154,1.42052748589,1.05690448426,0.744022551312,1.05713766381,1.0602627839,1.0029562092,2,5,6,0
182_JWN,1.0,1.20915785154,0.35713426111,0.295357848154,0.744022551312,0.208328859568,0.280003420865,1.0029562092,0.349378186433,0.3483483957,5,6,7,2
183_JWN,0.0,0.295357848154,0.755802162819,2.55893712506,0.280003420865,0.729875692987,2.6066670569,0.3483483957,0.355961133667,1.02185380516,6,7,6,0
184_JWN,1.0,2.55893712506,4.98881220563,1.94956419866,2.6066670569,2.43866612118,0.935549522799,1.02185380516,1.51986307157,1.48735862596,7,6,2,1
185_JWN,0.0,1.94956419866,0.206353782955,0.105846108118,0.935549522799,0.0725173455916,0.0775131020052,1.48735862596,0.088398778639,0.0594333989773,6,2,31,1
186_JWN,1.0,0.105846108118,2.24571303034,21.2167747143,0.0775131020052,0.0875344295849,1.12928559586,0.0594333989773,0.0596112167483,1.00299188291,2,31,1,1
187_JWN,0.0,21.2167747143,27.0559874847,1.27521679656,1.12928559586,1.10283362637,0.976576368647,1.00299188291,1.00064419562,0.997659315758,31,1,1,1
188_JWN,1.0,1.27521679656,0.17022259949,0.133485223806,0.976576368647,1.00628815114,1.0304244332,0.997659315758,1.00175445312,1.00410474528,1,1,5,0
189_JWN,0.0,0.133485223806,0.399215501417,2.99070930876,1.0304244332,1.03449554925,1.0039509118,1.00410474528,1.04911105752,1.044822328,1,5,3,0
190_JWN,1.0,2.99070930876,0.244766088902,0.0818421530255,1.0039509118,1.03725427569,1.03317230304,1.044822328,1.04675726751,1.00185193162,5,3,37,2
191_JWN,0.0,0.0818421530255,0.432793468146,5.2881486147,1.03317230304,3.26928758142,3.16431980589,1.00185193162,2.95424274319,2.94878180093,3,37,4,1
192_JWN,1.0,5.2881486147,18.0115352177,3.40601910613,3.16431980589,2.945699229,0.930910720058,2.94878180093,3.10382247985,1.05257787432,37,4,2,1
193_JWN,0.0,3.40601910613,0.117905785435,0.0346168890312,0.930910720058,0.222875840286,0.239416987562,1.05257787432,0.264721842001,0.251498581206,4,2,27,0
194_JWN,1.0,0.0346168890312,0.0724276224363,2.09226260543,0.239416987562,0.297175101225,1.24124484336,0.251498581206,0.257412864621,1.0235161701,2,27,20,2
195_JWN,0.0,2.09226260543,4.12135294849,1.96980672397,1.24124484336,1.73461336589,1.39747880941,1.0235161701,1.79417525606,1.75295252628,27,20,7,2
196_JWN,1.0,1.96980672397,0.997212882144,0.506249100487,1.39747880941,1.5948146979,1.14120850145,1.75295252628,1.75443832663,1.00084759874,20,7,10,2
197_JWN,0.0,0.506249100487,0.639624745526,1.26345853239,1.14120850145,0.85683786671,0.750816231757,1.00084759874,0.879499354307,0.878754523081,7,10,11,0
198_JWN,1.0,1.26345853239,0.756036629719,0.598386579643,0.750816231757,0.929855855693,1.23845998044,0.878754523081,0.889096540113,1.01176894885,10,11,11,2
199_JWN,0.0,0.598386579643,1.81304107354,3.02988257962,1.23845998044,2.1379979561,1.72633592516,1.01176894885,2.00531196793,1.9819860752,11,11,8,2
200_JWN,1.0,3.02988257962,2.89378085372,0.955080197888,1.72633592516,1.89876184923,1.09987970566,1.9819860752,1.98409253769,1.00106280388,11,8,10,1
201_JWN,0.0,0.955080197888,5.31574408199,5.56575677493,1.09987970566,1.56017893713,1.41849961328,1.00106280388,1.5264377567,1.52481717508,8,10,3,2
202_JWN,1.0,5.56575677493,83.5894523226,15.0185241114,1.41849961328,1.52744889293,1.07680599884,1.52481717508,1.52663901747,1.00119479398,10,3,1,1
203_JWN,0.0,15.0185241114,0.144552727098,0.00962496221499,1.07680599884,0.449938000532,0.417844998092,1.00119479398,0.483221789783,0.482645128288,3,1,17,0
204_JWN,1.0,0.00962496221499,0.157985012499,16.4140917097,0.417844998092,0.489267871805,1.1709315034,0.482645128288,0.484413286453,1.00366347459,1,17,1,0
205_JWN,0.0,16.4140917097,4.23527469986,0.258026747674,1.1709315034,1.07729536791,0.920032781407,1.00366347459,0.988767258106,0.985158156231,17,1,3,2
206_JWN,1.0,0.258026747674,0.024737250011,0.0958708747602,0.920032781407,1.14950463926,1.24941704523,0.985158156231,1.01678639047,1.03210472759,1,3,15,0
207_JWN,0.0,0.0958708747602,38.2957055141,399.450882344,1.24941704523,3.18724165525,2.55098301037,1.03210472759,3.0075375642,2.91398487363,3,15,1,0
208_JWN,1.0,399.450882344,3.05745835768,0.00765415347122,2.55098301037,1.18303589147,0.463756868102,2.91398487363,1.69682465938,0.582303866686,15,1,8,2
209_JWN,0.0,0.00765415347122,0.0031018343251,0.405248514649,0.463756868102,0.217504223029,0.469004855754,0.582303866686,0.232312591382,0.398954231069,1,8,30,1
210_JWN,1.0,0.405248514649,2.8015909396,6.91326639909,0.469004855754,0.521370444018,1.11165255033,0.398954231069,0.402448702673,1.00875907894,8,30,2,0
211_JWN,0.0,6.91326639909,5.51013239011,0.797037474331,1.11165255033,1.00782344869,0.90659932223,1.00875907894,1.00073942122,0.992049977157,30,2,3,2
212_JWN,1.0,0.797037474331,0.420545874835,0.527636263512,0.90659932223,1.03087334076,1.13707711387,0.992049977157,1.00641707988,1.01448223684,2,3,10,2
213_JWN,0.0,0.527636263512,0.40017189802,0.758423796264,1.13707711387,1.01410543103,0.89185282041,1.01448223684,1.08845568616,1.07291744166,3,10,3,1
214_JWN,1.0,0.758423796264,0.233864391028,0.308355819239,0.89185282041,0.963196950207,1.0799954075,1.07291744166,1.0745509214,1.00152246546,10,3,24,2
215_JWN,0.0,0.308355819239,1.27506627897,4.1350485362,1.0799954075,1.5391625454,1.42515656522,1.00152246546,1.30257647996,1.30059636692,3,24,3,0
216_JWN,1.0,4.1350485362,2.53932827284,0.614098782786,1.42515656522,0.977664573299,0.686005030718,1.30059636692,1.11153134127,0.854632051531,24,3,6,1
217_JWN,0.0,0.614098782786,0.373973930194,0.608980087043,0.686005030718,0.956911797392,1.39490492714,0.854632051531,0.879864940654,1.02952485702,3,6,8,1
218_JWN,1.0,0.608980087043,0.43391906659,0.712534080871,1.39490492714,0.659771592802,0.472986782085,1.02952485702,0.686390759926,0.666706350263,6,8,11,2
219_JWN,0.0,0.712534080871,1.06461464959,1.49412453126,0.472986782085,0.621766617687,1.31455389714,0.666706350263,0.674034161904,1.01099106321,8,11,24,1
220_JWN,1.0,1.49412453126,1.61124059417,1.07838440535,1.31455389714,1.48589118961,1.13033873533,1.01099106321,1.43755482626,1.42192634393,11,24,14,1
221_JWN,0.0,1.07838440535,0.545343459924,0.505704141507,1.13033873533,1.02312206739,0.905146426836,1.42192634393,1.15015123638,0.808868364589,24,14,29,1
222_JWN,1.0,0.505704141507,0.845318242632,1.67156677838,0.905146426836,1.00537316155,1.11072985734,0.808868364589,0.814144994927,1.00652347226,14,29,14,0
223_JWN,0.0,1.67156677838,1.59263479939,0.952779643621,1.11072985734,0.927833603163,0.835336870644,1.00652347226,1.02631044653,1.01965873108,29,14,9,2
224_JWN,1.0,0.952779643621,6.40801896318,6.7256043998,0.835336870644,1.00500693031,1.20311573166,1.01965873108,1.02209038654,1.00238477383,14,9,6,1
225_JWN,0.0,6.7256043998,5.41418979152,0.805011634595,1.20311573166,1.13361911425,0.942236132749,1.00238477383,1.0133924682,1.01098150597,9,6,3,2
226_JWN,1.0,0.805011634595,0.221842300746,0.275576514938,0.942236132749,1.0479779698,1.11222434948,1.01098150597,1.02006108,1.00898094968,6,3,46,0
227_JWN,0.0,0.275576514938,0.143986816954,0.52249306145,1.11222434948,1.01294688257,0.910739710967,1.00898094968,1.2396087105,1.22857494077,3,46,13,1
228_JWN,1.0,0.52249306145,0.635480260735,1.21624631525,0.910739710967,1.20664659269,1.32490828956,1.22857494077,1.23311370536,1.00369433271,46,13,22,2
229_JWN,0.0,1.21624631525,1.37870058908,1.13357020843,1.32490828956,1.29521194732,0.977586114852,1.00369433271,1.11240277649,1.10830831682,13,22,27,2
230_JWN,1.0,1.13357020843,3.94035656842,3.47605868532,0.977586114852,1.12137137918,1.14708194209,1.10830831682,1.11415862375,1.00527859157,22,27,5,1
231_JWN,0.0,3.47605868532,17.3962209382,5.00458206062,1.14708194209,1.18297318045,1.03128916693,1.00527859157,1.0880512889,1.0823380683,27,5,1,2
232_JWN,1.0,5.00458206062,0.235448971212,0.0470466800944,1.03128916693,0.741619586596,0.719118953615,1.0823380683,0.988008765191,0.912846728881,5,1,24,2
233_JWN,0.0,0.0470466800944,0.0349794484763,0.743505140131,0.719118953615,0.541577567011,0.753112630794,0.912846728881,0.579843356842,0.635203412026,1,24,27,0
234_JWN,1.0,0.743505140131,0.366503506164,0.49294011081,0.753112630794,0.465012499677,0.617454123943,0.635203412026,0.439947157537,0.692608303432,24,27,22,2
235_JWN,0.0,0.49294011081,0.793807891288,1.61035361879,0.617454123943,0.790721148907,1.28061522022,0.692608303432,0.697708674607,1.00736400524,27,22,24,0
236_JWN,1.0,1.61035361879,9.2400486308,5.73790037356,1.28061522022,4.01771413979,3.13733124233,1.00736400524,3.02424000182,3.00213228395,22,24,2,1
237_JWN,0.0,5.73790037356,2.85128308655,0.496920981704,3.13733124233,1.24840311236,0.397918809312,3.00213228395,1.46487055392,0.487943373366,24,2,16,2
238_JWN,1.0,0.496920981704,4.90114936677,9.8630356681,0.397918809312,0.465229355378,1.1691564824,0.487943373366,0.490487743288,1.00521447787,2,16,1,1
239_JWN,0.0,9.8630356681,353.225942925,35.8131061076,1.1691564824,1.14393751917,0.978429779404,1.00521447787,1.00506813743,0.999854418695,16,1,1,0
240_JWN,1.0,35.8131061076,0.0420802446842,0.00117499567219,0.978429779404,1.01827818662,1.04072689533,0.999854418695,1.01023000614,1.01037709816,1,1,25,0
241_JWN,0.0,0.00117499567219,0.00199081666917,1.69431829945,1.04072689533,1.72213020554,1.65473786953,1.01037709816,1.48985414306,1.47455256634,1,25,25,0
242_JWN,1.0,1.69431829945,3.76420605236,2.22166404835,1.65473786953,2.75640248802,1.66576382807,1.47455256634,2.55959188084,1.73584308846,25,25,16,1
243_JWN,0.0,2.22166404835,1.43115210647,0.644180251976,1.66576382807,0.706472913699,0.424113491836,1.73584308846,0.9292520803,0.535331843344,25,16,21,2
244_JWN,1.0,0.644180251976,2.82620603293,4.3872907067,0.424113491836,0.504616417568,1.18981458332,0.535331843344,0.539981059363,1.00868473654,16,21,5,0
245_JWN,0.0,4.3872907067,5.35915312646,1.22151767109,1.18981458332,1.1160266456,0.937983666743,1.00868473654,1.025637517,1.01680681768,21,5,4,2
246_JWN,1.0,1.22151767109,0.275837717609,0.225815576914,0.937983666743,0.986853970257,1.05210144403,1.01680681768,1.01791461085,1.00108948243,5,4,30,2
247_JWN,0.0,0.225815576914,0.403496990227,1.78684303245,1.05210144403,2.05004724122,1.94852621185,1.00108948243,2.52693583621,2.52418578015,4,30,4,1
248_JWN,1.0,1.78684303245,0.303077446384,0.169616155913,1.94852621185,0.599288474828,0.307559873294,2.52418578015,0.763852086587,0.302613259529,30,4,15,2
249_JWN,0.0,0.169616155913,3.01328923751,17.7653432911,0.307559873294,0.393862900629,1.2806056148,0.302613259529,0.303160674453,1.00180895882,4,15,2,2
250_JWN,1.0,17.7653432911,3.10461167502,0.174756638481,1.2806056148,0.939849675856,0.733910319456,1.00180895882,0.824547968699,0.823059088702,15,2,6,1
251_JWN,0.0,0.174756638481,0.0805659146763,0.461017763768,0.733910319456,0.825301493417,1.12452635089,0.823059088702,0.824697473667,1.0019906043,2,6,56,0
252_JWN,1.0,0.461017763768,0.545016878932,1.18220364108,1.12452635089,1.31163694985,1.16639058642,1.0019906043,1.16850684611,1.16618543236,6,56,28,2
253_JWN,0.0,1.18220364108,21.665693466,18.3265325136,1.16639058642,10.1033085209,8.66202851647,1.16618543236,9.47802439611,8.1273733431,56,28,2,0
254_JWN,1.0,18.3265325136,5.65376368874,0.308501550119,8.66202851647,4.79320939572,0.553358764244,8.1273733431,6.4567755994,0.794448012516,28,2,4,1
255_JWN,0.0,0.308501550119,0.126223418302,0.409150029402,0.553358764244,0.973030241467,1.7584075727,0.794448012516,0.834532473372,1.0504557381,2,4,6,1
256_JWN,1.0,0.409150029402,0.867322595504,2.11981555219,1.7584075727,1.68904044761,0.960551167905,1.0504557381,2.38002845806,2.26571036906,4,6,3,0
257_JWN,0.0,2.11981555219,0.818274842859,0.386012283954,0.960551167905,0.466885560734,0.486060062529,2.26571036906,1.42109852603,0.627219853619,6,3,7,0
258_JWN,1.0,0.386012283954,0.319948162315,0.828854872281,0.486060062529,0.385745355181,0.793616643125,0.627219853619,0.402653686956,0.641965787009,3,7,9,2
259_JWN,0.0,0.828854872281,3.3791012179,4.07683097597,0.793616643125,2.67348831769,3.36874023605,0.641965787009,0.700320201066,1.0908995701,7,9,1,2
260_JWN,1.0,4.07683097597,1.13798443036,0.279134562376,3.36874023605,0.428804732236,0.127289343253,1.0908995701,0.248183851024,0.227503848957,9,1,17,0
261_JWN,0.0,0.279134562376,0.163026340325,0.584042115521,0.127289343253,0.149039756169,1.1708737932,0.227503848957,0.228810612538,1.00574391856,1,17,29,1
262_JWN,1.0,0.584042115521,2.07848137209,3.55878680124,1.1708737932,2.05994431298,1.75932224714,1.00574391856,1.66055063138,1.65106703679,17,29,11,1
263_JWN,0.0,3.55878680124,32.4615476086,9.12152073769,1.75932224714,2.74561030767,1.5606068258,1.65106703679,2.94006157336,1.78070393743,29,11,1,2
264_JWN,1.0,9.12152073769,0.334121033141,0.0366299702373,1.5606068258,1.44912083472,0.928562409673,1.78070393743,1.82162013284,1.0229775397,11,1,12,2
265_JWN,0.0,0.0366299702373,0.438090458331,11.95989119,0.928562409673,1.63121583425,1.75671103768,1.0229775397,1.43378598901,1.40158110357,1,12,6,0
266_JWN,1.0,11.95989119,2.87584893454,0.240457784177,1.75671103768,0.817137039812,0.465151651174,1.40158110357,0.924842622984,0.659856658048,12,6,6,1
267_JWN,0.0,0.240457784177,0.107871632076,0.448609440719,0.465151651174,0.323307851582,0.695059021646,0.659856658048,0.514701425264,0.780020052819,6,6,16,1
268_JWN,1.0,0.448609440719,1.43039562044,3.18850984979,0.695059021646,1.0458588248,1.50470505703,0.780020052819,0.784265379153,1.00544258615,6,16,6,0
269_JWN,0.0,3.18850984979,0.681836121506,0.213841623086,1.50470505703,0.377227281906,0.250698487484,1.00544258615,0.298040475299,0.296427145026,16,6,19,1
270_JWN,1.0,0.213841623086,0.231908060317,1.08448512955,0.250698487484,0.297715434782,1.1875438012,0.296427145026,0.29797682661,1.00522786665,6,19,25,0
271_JWN,0.0,1.08448512955,1.03733265842,0.956520868888,1.1875438012,1.51147804156,1.2727766673,1.00522786665,1.59855094841,1.59023739935,19,25,13,0
272_JWN,1.0,0.956520868888,0.748752108246,0.782787007163,1.2727766673,1.01127393883,0.79454154434,1.59023739935,1.15267150615,0.7248424082,25,13,36,0
273_JWN,0.0,0.782787007163,1.0875907174,1.38938268961,0.79454154434,0.942347946996,1.1860272804,0.7248424082,0.73350591354,1.01195226058,13,36,15,0
274_JWN,1.0,1.38938268961,20.4650994552,14.7296346847,1.1860272804,2.80905951529,2.36846113215,1.01195226058,2.6646568916,2.63318438567,36,15,2,1
275_JWN,0.0,14.7296346847,3.79498594553,0.257642910144,2.36846113215,2.67494140506,1.12940059212,2.63318438567,2.6666093551,1.01269374435,15,2,5,2
276_JWN,1.0,0.257642910144,1.49225992125,5.79196967001,1.12940059212,1.19638276146,1.05930771581,1.01269374435,1.18263772614,1.16781379636,2,5,1,0
277_JWN,0.0,5.79196967001,0.284960895343,0.049199307244,1.05930771581,0.306501787434,0.289341598159,1.16781379636,0.373650855143,0.319957561991,5,1,29,0
278_JWN,1.0,0.049199307244,0.0454388029967,0.92356591062,0.289341598159,0.340634947488,1.17727609737,0.319957561991,0.321053459708,1.0034251346,1,29,23,0
279_JWN,0.0,0.92356591062,2.5710866324,2.78386913466,1.17727609737,5.33571463234,4.5322542811,1.0034251346,8.40367892305,8.3749934432,29,23,9,2
280_JWN,1.0,2.78386913466,0.953065548247,0.342352855737,4.5322542811,0.869059184749,0.191749873429,8.3749934432,1.15545622569,0.137965030484,23,9,21,0
281_JWN,0.0,0.342352855737,0.303374416494,0.88614542397,0.191749873429,0.263684164869,1.37514648721,0.137965030484,0.140730582531,1.02004531176,9,21,30,1
282_JWN,1.0,0.88614542397,2.8143330502,3.17592685588,1.37514648721,1.83894087138,1.33726907532,1.02004531176,1.3005282876,1.27497109453,21,30,7,1
283_JWN,0.0,3.17592685588,8.24705867962,2.59674074809,1.33726907532,1.34673131899,1.00707579638,1.27497109453,1.4998538802,1.17638265419,30,7,3,2
284_JWN,1.0,2.59674074809,0.40609308621,0.156385687138,1.00707579638,1.23263775845,1.2239771454,1.17638265419,1.20405890603,1.02352657253,7,3,14,2
285_JWN,0.0,0.156385687138,0.997655658807,6.37945631127,1.2239771454,19.678358865,16.0773907739,1.02352657253,20.2727027479,19.8067185474,3,14,3,0
286_JWN,1.0,6.37945631127,712.765810989,111.728300377,16.0773907739,35.6711009915,2.21871207169,19.8067185474,40.5996109657,2.04978986643,14,3,1,0
287_JWN,0.0,111.728300377,2.04073604092,0.0182651667844,2.21871207169,2.03269115354,0.916158152955,2.04978986643,3.56536483338,1.73938065153,3,1,2,0
288_JWN,1.0,0.0182651667844,0.00483906159895,0.264933885142,0.916158152955,0.109243421719,0.119240789777,1.73938065153,0.199596659505,0.114751569376,1,2,4,0
289_JWN,0.0,0.264933885142,0.0325612791034,0.12290341451,0.119240789777,0.00985247428303,0.0826267110561,0.114751569376,0.00556878550355,0.0485290574572,2,4,19,1
290_JWN,1.0,0.12290341451,0.346544606381,2.8196499484,0.0826267110561,0.0926055799946,1.12077049674,0.0485290574572,0.0486536078244,1.00256651115,4,19,19,2
291_JWN,0.0,2.8196499484,8.09972192175,2.87259839696,1.12077049674,2.26548350453,2.02136254578,1.00256651115,2.30283131507,2.29693620269,19,19,4,2
292_JWN,1.0,2.87259839696,1.08731969939,0.378514344552,2.02136254578,2.33043662106,1.15290383011,2.29693620269,2.308243659,1.004922843,19,4,13,0
293_JWN,0.0,0.378514344552,1.07914743652,2.85100803193,1.15290383011,2.18713831781,1.89706917498,1.004922843,2.40217038844,2.3904028107,4,13,6,0
294_JWN,1.0,2.85100803193,18.9942354846,6.66228760911,1.89706917498,2.49306731468,1.31416784773,2.3904028107,2.41946566362,1.01215814037,13,6,1,1
295_JWN,0.0,6.66228760911,2.19788440014,0.329899357262,1.31416784773,1.05571873615,0.803336299827,1.01215814037,0.959344655252,0.947820915512,6,1,2,0
296_JWN,1.0,0.329899357262,0.0347426709758,0.105312939268,0.803336299827,0.773418277564,0.962757786161,0.947820915512,0.968815260235,1.02215011758,1,2,8,0
297_JWN,0.0,0.105312939268,0.180376497312,1.71276671762,0.962757786161,0.724969855201,0.753013754469,1.02215011758,0.887300450119,0.868072541262,2,8,12,1
298_JWN,1.0,1.71276671762,2.00617701332,1.17130779848,0.753013754469,1.13677989681,1.50964028221,0.868072541262,0.883979329286,1.01832426124,8,12,17,1
299_JWN,0.0,1.17130779848,1.30198624824,1.11156627655,1.50964028221,1.83852283573,1.21785491378,1.01832426124,2.53902098361,2.49333250737,12,17,8,0
300_JWN,1.0,1.11156627655,2.36258647274,2.12545713431,1.21785491378,2.64480303209,2.17168974905,2.49333250737,2.55798310199,1.02592939146,17,8,4,1
301_JWN,0.0,2.12545713431,0.696431960157,0.327662199776,2.17168974905,0.255241389473,0.117531240171,1.02592939146,0.161451067399,0.157370544936,8,4,15,1
302_JWN,1.0,0.327662199776,1.00972004117,3.08158842205,0.117531240171,0.148858854499,1.26654712639,0.157370544936,0.161440241309,1.02586059783,4,15,3,0
303_JWN,0.0,3.08158842205,1.03758448586,0.336704434129,1.26654712639,0.735710847654,0.580879173248,1.02586059783,0.672225461392,0.655279540723,15,3,14,0
304_JWN,1.0,0.336704434129,0.231525739012,0.687623076931,0.580879173248,0.661936930888,1.13954323269,0.655279540723,0.660263333057,1.00760559734,3,14,9,2
305_JWN,0.0,0.687623076931,0.925480138517,1.34591198225,1.13954323269,0.9819124768,0.861671982798,1.00760559734,1.04951043608,1.0415885331,14,9,11,0
306_JWN,1.0,1.34591198225,2.7738461879,2.06094174394,0.861671982798,1.09222115236,1.26756024817,1.0415885331,1.07125481104,1.02848176319,9,11,2,1
307_JWN,0.0,2.06094174394,10.9508747082,5.31352947768,1.26756024817,1.18526341978,0.935074621888,1.02848176319,1.03307549586,1.00446651835,11,2,1,0
308_JWN,1.0,5.31352947768,0.27588394772,0.051921034574,0.935074621888,0.985858918113,1.05431042083,1.00446651835,1.01075044546,1.00625598464,2,1,17,2
309_JWN,0.0,0.051921034574,0.191131298629,3.68119202934,1.05431042083,1.97451609379,1.87280335542,1.00625598464,2.36228020509,2.34759369499,1,17,9,1
310_JWN,1.0,3.68119202934,3.55876695655,0.966743089789,1.87280335542,2.35177256128,1.25574986529,2.34759369499,2.36022390177,1.00538006505,17,9,2,1
311_JWN,0.0,0.966743089789,0.559865216853,0.579125129278,1.25574986529,0.665170322254,0.529699696286,1.00538006505,0.640423607732,0.636996524994,9,2,8,1
312_JWN,1.0,0.579125129278,0.675414262063,1.16626654227,0.529699696286,0.648523982804,1.22432387134,0.636996524994,0.642590462423,1.00878173932,2,8,12,2
313_JWN,0.0,1.16626654227,1.93156287674,1.65619333723,1.22432387134,1.34333677048,1.09720703968,1.00878173932,1.36596752645,1.35407638065,8,12,3,2
314_JWN,1.0,1.65619333723,0.454735705517,0.274566800442,1.09720703968,0.662294806972,0.603618809413,1.35407638065,0.820532256566,0.605971914354,12,3,31,2
315_JWN,0.0,0.274566800442,0.915692708513,3.33504526781,0.603618809413,0.755319524408,1.25131873399,0.605971914354,0.610868257957,1.0080801494,3,31,4,1
316_JWN,1.0,3.33504526781,4.38582286485,1.3150714646,1.25131873399,1.08919736159,0.870439586652,1.0080801494,0.985477055428,0.977578078499,31,4,6,1
317_JWN,0.0,1.3150714646,7.60540736726,5.78326545133,0.870439586652,0.968331002759,1.11246204516,0.977578078499,0.982111454756,1.00463735466,4,6,1,0
318_JWN,1.0,5.78326545133,0.6846200065,0.118379488588,1.11246204516,0.872641325053,0.784423458622,1.00463735466,0.888477043069,0.884375878468,6,1,7,0
319_JWN,0.0,0.118379488588,0.0406992046464,0.343802842298,0.784423458622,0.824631656732,1.05125828106,0.884375878468,0.884556253749,1.00020395771,1,7,35,1
320_JWN,1.0,0.343802842298,0.338626334159,0.984943381783,1.05125828106,1.33668993837,1.27151430097,1.00020395771,1.15513640169,1.15490085075,7,35,15,2
321_JWN,0.0,0.984943381783,1.24834304469,1.26742619705,1.27151430097,2.72558736456,2.14357586264,1.15490085075,6.70486094432,5.80557278137,35,15,6,0
322_JWN,1.0,1.26742619705,0.789415895339,0.622849596429,2.14357586264,0.767085574138,0.357853243035,5.80557278137,1.02769683454,0.17701902521,15,6,12,0
323_JWN,0.0,0.622849596429,1.48600089266,2.38581015574,0.357853243035,0.489357669721,1.36748144455,0.17701902521,0.179284389225,1.01279729121,6,12,12,2
324_JWN,1.0,2.38581015574,2.25978415129,0.947176851375,1.36748144455,1.30689452943,0.955694524877,1.01279729121,1.33086809179,1.31405178839,12,12,4,1
325_JWN,0.0,0.947176851375,1.19948857875,1.2663829115,0.955694524877,1.43461493319,1.50112289633,1.31405178839,1.34938571642,1.0268892964,12,4,3,0
326_JWN,1.0,1.2663829115,0.481990036704,0.380603711821,1.50112289633,0.418399503182,0.278724349755,1.0268892964,0.353313222092,0.344061646498,4,3,19,2
327_JWN,0.0,0.380603711821,0.686556217144,1.80386106551,0.278724349755,0.329240941192,1.18124211782,0.344061646498,0.348761845538,1.0136609212,3,19,6,1
328_JWN,1.0,1.80386106551,0.469753682367,0.260415666898,1.18124211782,0.562987217246,0.476606115507,1.0136609212,0.595855940529,0.587825699966,19,6,11,2
329_JWN,0.0,0.260415666898,0.624912325,2.39967254061,0.476606115507,0.586389967184,1.23034503357,0.587825699966,0.594042839365,1.0105765015,6,11,14,1
330_JWN,1.0,2.39967254061,3.10120132061,1.2923435461,1.23034503357,1.37437103249,1.11706147055,1.0105765015,1.26309168873,1.24987241129,11,14,9,1
331_JWN,0.0,1.2923435461,4.48033752946,3.46683166638,1.11706147055,1.19965031271,1.07393401736,1.24987241129,1.25042588836,1.00044282686,14,9,5,2
332_JWN,1.0,3.46683166638,2.62460196394,0.757060687251,1.07393401736,0.983977467741,0.916236427785,1.00044282686,0.954311763717,0.953889355893,9,5,7,0
333_JWN,0.0,0.757060687251,0.132553366368,0.175089485692,0.916236427785,0.972754862748,1.06168542665,0.953889355893,0.957937763942,1.00424410653,5,7,44,1
334_JWN,1.0,0.175089485692,0.136526053769,0.779750155927,1.06168542665,1.58710107289,1.4948882532,1.00424410653,1.48385441726,1.47758339591,7,44,24,0
335_JWN,0.0,0.779750155927,9.90867513475,12.7075000363,1.4948882532,4.65428371114,3.11346597392,1.47758339591,4.27747497452,2.89491272462,44,24,2,2
336_JWN,1.0,12.7075000363,0.66300636262,0.0521744135925,3.11346597392,0.398975835357,0.128145237076,2.89491272462,0.465996782155,0.160970926063,24,2,21,0
337_JWN,0.0,0.0521744135925,0.0942271292328,1.80600265043,0.128145237076,0.146731651797,1.14504179121,0.160970926063,0.161257617448,1.00178101345,2,21,45,1
338_JWN,1.0,1.80600265043,21.2740035993,11.7796081829,1.14504179121,5.04131139157,4.4027313503,1.00178101345,4.3637074271,4.3559494226,21,45,3,1
339_JWN,0.0,11.7796081829,0.740157257732,0.0628337756435,4.4027313503,1.16953785007,0.265639158289,4.3559494226,1.58445230986,0.363744423118,45,3,10,0
