0_KO,1.0,0.822517701826,4.09402949665,4.97743633671,1.26884056465,12.2259421028,9.63552273114,1.02437444349,20.5992170609,20.1090696783,18,31,5,1
1_KO,0.0,4.97743633671,1.30212895449,0.261606350419,9.63552273114,2.59298826214,0.269107170881,20.1090696783,5.34292816664,0.265697431662,31,5,8,0
2_KO,1.0,0.261606350419,5.16659400046,19.7494976409,0.269107170881,0.529277865588,1.96679212915,0.265697431662,0.268624612827,1.011016972,5,8,2,1
3_KO,0.0,19.7494976409,298.342811269,15.1063493712,1.96679212915,1.89885790596,0.96545937815,1.011016972,1.02513703203,1.01396619485,8,2,1,2
4_KO,1.0,15.1063493712,1.13828905716,0.075351696773,0.96545937815,1.03743865142,1.07455442963,1.01396619485,1.02746632709,1.01331418376,2,1,1,0
5_KO,0.0,0.075351696773,0.00509521890038,0.0676191661048,1.07455442963,0.415115317476,0.386313904655,1.01331418376,0.508491140781,0.501809950884,1,1,8,0
6_KO,1.0,0.0676191661048,0.247453800575,3.65952162426,0.386313904655,0.497632286485,1.28815525532,0.501809950884,0.50639880996,1.00914461554,1,8,7,0
7_KO,0.0,3.65952162426,2.26094034638,0.617824015956,1.28815525532,1.08989321961,0.846088400527,1.00914461554,1.01295547397,1.00377632538,8,7,3,2
8_KO,1.0,0.617824015956,1.73236755911,2.80398222532,0.846088400527,0.971147964843,1.14780909919,1.00377632538,1.00462215535,1.00084264785,7,3,2,1
9_KO,0.0,2.80398222532,0.342191349741,0.12203763157,1.14780909919,0.572277012781,0.498582049215,1.00084264785,0.571288517199,0.570807527461,3,2,11,1
10_KO,1.0,0.12203763157,0.171010666787,1.40129453995,0.498582049215,0.593185746767,1.18974549465,0.570807527461,0.575523240357,1.00826147636,2,11,8,0
11_KO,0.0,1.40129453995,4.63588434693,3.30828688385,1.18974549465,1.42140087255,1.19471002743,1.00826147636,1.34322924363,1.33222311386,11,8,3,2
12_KO,1.0,3.30828688385,3.77571113728,1.14128891171,1.19471002743,1.31480411033,1.10052153254,1.33222311386,1.33763662172,1.00406351444,8,3,3,1
13_KO,0.0,1.14128891171,0.460315212308,0.40332926009,1.10052153254,0.809307522991,0.7353854505,1.00406351444,0.844668628548,0.841250196229,3,3,7,0
14_KO,1.0,0.40332926009,0.107280431145,0.265987226219,0.7353854505,0.612975060558,0.833542545805,0.841250196229,0.704995328191,0.838032884096,3,7,33,0
15_KO,0.0,0.265987226219,0.276814789368,1.04070707944,0.833542545805,1.04573966231,1.25457262808,0.838032884096,0.854814211197,1.02002466421,7,33,19,1
16_KO,1.0,1.04070707944,3.39735521117,3.26446824306,1.25457262808,4.23833539414,3.37831011076,1.02002466421,2.88511268927,2.82847345804,33,19,5,1
17_KO,0.0,3.26446824306,2.47597931137,0.758463286213,3.37831011076,1.2691625177,0.375679696678,2.82847345804,1.54947789032,0.547814187867,19,5,16,2
18_KO,1.0,0.758463286213,0.422534058669,0.557092302751,0.375679696678,0.659093809509,1.75440359257,0.547814187867,0.59029827843,1.07755200852,5,16,7,2
19_KO,0.0,0.557092302751,1.55172535731,2.78540082074,1.75440359257,1.50178668558,0.856009809792,1.07755200852,1.60410117181,1.48865313148,16,7,7,2
20_KO,1.0,2.78540082074,0.734216902262,0.263594703066,0.856009809792,0.70253569657,0.820709866328,1.48865313148,1.61384412075,1.08409681653,7,7,10,2
21_KO,0.0,0.263594703066,0.543104025234,2.06037533728,0.820709866328,1.83705788053,2.23837674665,1.08409681653,1.34169906934,1.23761923186,7,10,7,1
22_KO,1.0,2.06037533728,28.9756085386,14.0632670244,2.23837674665,8.35002631935,3.73039361307,1.23761923186,6.88701137892,5.56472556474,10,7,2,1
23_KO,0.0,14.0632670244,17.1284970621,1.21796002539,3.73039361307,5.89988379935,1.58157138664,5.56472556474,5.76493871483,1.03597898005,7,2,2,2
24_KO,1.0,1.21796002539,0.0994182109475,0.0816268259016,1.58157138664,0.170930515492,0.108076383359,1.03597898005,0.18609956813,0.179636432508,2,2,9,2
25_KO,0.0,0.0816268259016,0.0598213911399,0.732864355304,0.108076383359,0.144280632387,1.33498760695,0.179636432508,0.183554342456,1.02181021908,2,9,17,1
26_KO,1.0,0.732864355304,0.333554534635,0.45513816059,1.33498760695,0.274523403595,0.205637417281,1.02181021908,0.209004879839,0.204543736142,9,17,28,2
27_KO,0.0,0.45513816059,0.613032824982,1.34691589953,0.205637417281,0.225878437507,1.0984306285,0.204543736142,0.205108021666,1.0027587524,17,28,28,1
28_KO,1.0,1.34691589953,10.168668967,7.54959457418,1.0984306285,8.40599917123,7.65273559671,1.0027587524,9.62897021777,9.6024793548,28,28,4,1
29_KO,0.0,7.54959457418,2.1979369634,0.291133112091,7.65273559671,5.30373946269,0.693051444895,9.6024793548,7.97927076711,0.830959429569,28,4,12,2
30_KO,1.0,0.291133112091,0.216659488539,0.744193908359,0.693051444895,0.304828303008,0.43983502993,0.830959429569,0.307844324912,0.370468537882,4,12,18,2
31_KO,0.0,0.744193908359,0.873238025088,1.17340119998,0.43983502993,0.574711707922,1.3066528785,0.370468537882,0.373524074665,1.00824776322,12,18,17,0
32_KO,1.0,1.17340119998,2.39546215967,2.04146898751,1.3066528785,2.99231211298,2.29005894544,1.00824776322,3.48226437752,3.4537784308,18,17,11,1
33_KO,0.0,2.04146898751,0.861054857062,0.421781992443,2.29005894544,0.77040740077,0.336413786337,3.4537784308,0.860603023721,0.24917725354,17,11,25,1
34_KO,1.0,0.421781992443,0.368957669852,0.874759180009,0.336413786337,0.377616337905,1.12247581176,0.24917725354,0.251067472034,1.00758583887,11,25,22,2
35_KO,0.0,0.874759180009,0.77024346939,0.880520590115,1.12247581176,1.50573378953,1.34143985443,1.00758583887,1.52992197177,1.51840360668,25,22,22,1
36_KO,1.0,0.880520590115,1.14743492859,1.30313242129,1.34143985443,1.32737447518,0.989514714951,1.51840360668,1.54995107633,1.02077673519,22,22,20,1
37_KO,0.0,1.30313242129,1.58650870077,1.217457777,0.989514714951,1.45214489338,1.4675323888,1.02077673519,1.15161534645,1.12817554196,22,20,10,2
38_KO,1.0,1.217457777,1.32805574664,1.09084337193,1.4675323888,0.848999858765,0.578522058693,1.12817554196,0.963914279212,0.854400971621,20,10,11,1
39_KO,0.0,1.09084337193,11.6141277991,10.6469252122,0.578522058693,0.782913532356,1.353299361,0.854400971621,0.863930663713,1.01115365315,10,11,2,2
40_KO,1.0,10.6469252122,17.9714073566,1.68794342014,1.353299361,1.26796647995,0.936944564143,1.01115365315,1.01246227394,1.00129418589,11,2,1,0
41_KO,0.0,1.68794342014,0.450337608047,0.266796625216,0.936944564143,1.01587345121,1.08424072254,1.00129418589,1.01213434575,1.01082614882,2,1,3,0
42_KO,1.0,0.266796625216,0.31767387132,1.19069673787,1.08424072254,0.95337152234,0.87929875951,1.01082614882,1.00668585964,0.995904054143,1,3,2,0
43_KO,0.0,1.19069673787,0.152749866018,0.128286121192,0.87929875951,0.401498556982,0.456612218134,0.995904054143,0.45047337677,0.452326079903,3,2,49,1
44_KO,1.0,0.128286121192,0.732464677055,5.70961745704,0.456612218134,0.511123470529,1.11938193993,0.452326079903,0.458259565593,1.0131177174,2,49,5,0
45_KO,0.0,5.70961745704,8.73705003528,1.53023387311,1.11938193993,1.07072724007,0.956534317628,1.0131177174,1.02828915997,1.01497500469,49,5,3,2
46_KO,1.0,1.53023387311,0.749477724782,0.489779855191,0.956534317628,0.993959893467,1.03912622386,1.01497500469,1.01653797314,1.00153990832,5,3,4,0
47_KO,0.0,0.489779855191,0.298010942127,0.608458961651,1.03912622386,0.916109434509,0.881615162312,1.00153990832,0.954098364605,0.952631399585,3,4,5,0
48_KO,1.0,0.608458961651,0.213718624719,0.35124575064,0.881615162312,0.959583813341,1.0884384189,0.952631399585,0.955183697027,1.00267920776,4,5,28,2
49_KO,0.0,0.35124575064,0.659050172356,1.87632212249,1.0884384189,3.26513437102,2.99983381176,1.00267920776,4.23211330766,4.22080489442,5,28,15,1
50_KO,1.0,1.87632212249,0.39678990627,0.211472167553,2.99983381176,0.546055750521,0.182028667182,4.22080489442,0.706622726224,0.167414212194,28,15,15,2
51_KO,0.0,0.211472167553,0.405433001233,1.91719319816,0.182028667182,0.255610192599,1.40423042456,0.167414212194,0.170425289224,1.01798579099,15,15,22,1
52_KO,1.0,1.91719319816,3.04905197821,1.59037283313,1.40423042456,2.77080401008,1.97318329073,1.01798579099,2.82962429786,2.77963044563,15,22,21,1
53_KO,0.0,1.59037283313,1.31825060372,0.828894065755,1.97318329073,2.89646055395,1.46791256928,2.77963044563,2.86712412399,1.03147673048,22,21,12,2
54_KO,1.0,0.828894065755,0.833098203876,1.00507198482,1.46791256928,0.74302389034,0.506177211022,1.03147673048,0.645998757883,0.626285342942,21,12,21,2
55_KO,0.0,1.00507198482,1.89372915942,1.88417266427,0.506177211022,0.622791847187,1.23038302323,0.626285342942,0.63597631737,1.01547373659,12,21,22,2
56_KO,1.0,1.88417266427,3.09325210472,1.64170310046,1.23038302323,2.05836562141,1.67294702751,1.01547373659,2.21446268223,2.18071881372,21,22,10,1
57_KO,0.0,1.64170310046,1.03577864882,0.630917154587,1.67294702751,2.25304054202,1.34674948158,2.18071881372,2.22159969381,1.01874651598,22,10,13,2
58_KO,1.0,0.630917154587,0.25291598262,0.400870353233,1.34674948158,0.429867014155,0.319188549938,1.01874651598,0.392416133087,0.385195067596,10,13,16,2
59_KO,0.0,0.400870353233,1.04125630196,2.5974889227,0.319188549938,0.385901899707,1.20900921973,0.385195067596,0.391194453389,1.0155749289,13,16,12,0
60_KO,1.0,2.5974889227,3.10962487374,1.1971657883,1.20900921973,1.25631729249,1.03912962117,1.0155749289,1.26923932452,1.24977418051,16,12,6,1
61_KO,0.0,1.1971657883,0.391283400969,0.326841449023,1.03912962117,1.27553392614,1.22750222893,1.24977418051,1.27041507703,1.01651570087,12,6,24,1
62_KO,1.0,0.326841449023,0.701566334769,2.14650356271,1.22750222893,3.54023381566,2.88409563113,1.01651570087,2.69079887364,2.64708048417,6,24,13,2
63_KO,0.0,2.14650356271,1.25109587237,0.582852921425,2.88409563113,0.904540111377,0.313630415584,2.64708048417,1.09915392486,0.41523252936,24,13,16,0
64_KO,1.0,0.582852921425,41.2740993097,70.8139185591,0.313630415584,0.359132725694,1.1450825808,0.41523252936,0.415974088481,1.00178588879,13,16,1,1
65_KO,0.0,70.8139185591,2.85975139982,0.0403840298349,1.1450825808,0.795171546321,0.694422882381,1.00178588879,0.748605452346,0.747270909603,16,1,13,2
66_KO,1.0,0.0403840298349,0.0135905612264,0.336533062252,0.694422882381,0.769937859518,1.10874494354,0.747270909603,0.752746875484,1.0073279527,1,13,24,2
67_KO,0.0,0.336533062252,1.66912812296,4.95977456655,1.10874494354,4.46708394758,4.02895541811,1.0073279527,3.77839240838,3.75090594702,13,24,10,0
68_KO,1.0,4.95977456655,29.7797677775,6.00425833431,4.02895541811,5.61393440752,1.39339700367,3.75090594702,6.26485491759,1.67022447539,24,10,1,0
69_KO,0.0,6.00425833431,1.54276578689,0.256945271337,1.39339700367,1.56375533754,1.1222611599,1.67022447539,1.68192154097,1.00700328953,10,1,9,0
70_KO,1.0,0.256945271337,0.125197106343,0.487252035001,1.1222611599,0.65011721278,0.579292268157,1.00700328953,0.683713562616,0.678958618831,1,9,10,2
71_KO,0.0,0.487252035001,0.496383468918,1.01874067887,0.579292268157,0.743442329228,1.28336311409,0.678958618831,0.694561250826,1.02298023998,9,10,8,2
72_KO,1.0,1.01874067887,1.33474569335,1.31019180939,1.28336311409,0.901412917092,0.702383376301,1.02298023998,0.881615986084,0.861811354346,10,8,11,0
73_KO,0.0,1.31019180939,0.591943667428,0.451799242817,0.702383376301,0.341513526252,0.486220969594,0.861811354346,0.427553524177,0.496110340182,8,11,32,1
74_KO,1.0,0.451799242817,0.747649826482,1.65482753318,0.486220969594,0.571800177921,1.17600888007,0.496110340182,0.499435711998,1.00670288754,11,32,15,2
75_KO,0.0,1.65482753318,0.660797335964,0.399314927215,1.17600888007,0.683494343341,0.581198284232,1.00670288754,0.669897116691,0.665436768867,32,15,17,0
76_KO,1.0,0.399314927215,0.63567512089,1.59191424504,0.581198284232,0.66040895002,1.13628854031,0.665436768867,0.668029053139,1.00389561322,15,17,24,2
77_KO,0.0,1.59191424504,1.32319052899,0.831194603047,1.13628854031,1.78851925063,1.57400095766,1.00389561322,2.04560336643,2.03766541013,17,24,9,0
78_KO,1.0,0.831194603047,0.761332838804,0.91595017101,1.57400095766,1.77408148808,1.12711588862,2.03766541013,2.06406169644,1.01295418089,24,9,25,2
79_KO,0.0,0.91595017101,0.750607449306,0.819485025565,1.12711588862,0.801402107728,0.711020149589,1.01295418089,0.801123031338,0.790877856524,9,25,20,1
80_KO,1.0,0.819485025565,1.26150454028,1.53938693316,0.711020149589,1.06551226905,1.49856831718,0.790877856524,0.815318091991,1.03090266754,25,20,22,0
81_KO,0.0,1.53938693316,1.06791579149,0.693727982541,1.49856831718,1.37275134206,0.916041882328,1.03090266754,1.62040982126,1.57183589904,20,22,13,0
82_KO,1.0,0.693727982541,1.16643899258,1.68140686542,0.916041882328,1.54123953186,1.68249897913,1.57183589904,1.60595038723,1.021703594,22,13,19,1
83_KO,0.0,1.68140686542,9.34079055208,5.55534222216,1.68249897913,9.31162938442,5.53440418088,1.021703594,4.29446555397,4.20324013654,13,19,3,2
84_KO,1.0,5.55534222216,0.215690722937,0.0388258210407,5.53440418088,0.162684307845,0.0293950897925,4.20324013654,0.19863510966,0.0472576163169,19,3,17,0
85_KO,0.0,0.0388258210407,0.0940869964053,2.42330989747,0.0293950897925,0.0335613068395,1.14173173399,0.0472576163169,0.047480065937,1.00470716971,3,17,21,0
86_KO,1.0,2.42330989747,2.09510354181,0.864562780019,1.14173173399,1.416363472,1.24053963802,1.00470716971,1.41203189537,1.40541636204,17,21,15,1
87_KO,0.0,0.864562780019,1.04146836139,1.20461854878,1.24053963802,1.41333836635,1.13929319389,1.40541636204,1.41228807922,1.00488945295,21,15,33,0
88_KO,1.0,1.20461854878,3.2728737436,2.7169378613,1.13929319389,5.49307596815,4.82147703295,1.00488945295,7.65632290044,7.61906981701,15,33,11,1
89_KO,0.0,2.7169378613,1.99201768264,0.733184851599,4.82147703295,3.43329518291,0.7120836954,7.61906981701,4.07515964258,0.534863144774,33,11,21,2
90_KO,1.0,0.733184851599,1.31182816124,1.78921885576,0.7120836954,0.914831352059,1.28472447546,0.534863144774,0.545130409428,1.01919605932,11,21,15,1
91_KO,0.0,1.78921885576,1.16232087813,0.649624764678,1.28472447546,0.727276024952,0.566094940076,1.01919605932,0.715307614992,0.7018351459,21,15,19,0
92_KO,1.0,0.649624764678,2.63336729759,4.05367442988,0.566094940076,0.660102464369,1.16606317711,0.7018351459,0.704429861581,1.00369704438,15,19,7,1
93_KO,0.0,4.05367442988,4.14633150563,1.02285755242,1.16606317711,1.11512344901,0.956314778567,1.00369704438,1.04289661787,1.03905518474,19,7,3,2
94_KO,1.0,1.02285755242,0.143340692404,0.140137492328,0.956314778567,1.04160770438,1.08918917466,1.03905518474,1.04264239502,1.00345237706,7,3,19,2
95_KO,0.0,0.140137492328,0.329767579274,2.3531716873,1.08918917466,1.78278300315,1.63679831257,1.00345237706,1.55522777945,1.54987701958,3,19,8,1
96_KO,1.0,2.3531716873,9.81974279687,4.17298187374,1.63679831257,2.55514989821,1.56106581891,1.54987701958,3.0753130113,1.98423034373,19,8,1,0
97_KO,0.0,4.17298187374,0.469390561692,0.112483249603,1.56106581891,0.360413133647,0.230876321344,1.98423034373,0.415259391367,0.209279831185,8,1,27,1
98_KO,1.0,0.112483249603,0.113493745088,1.00898351967,0.230876321344,0.254176870884,1.10092221413,0.209279831185,0.210234560814,1.0045619763,1,27,31,0
99_KO,0.0,1.00898351967,1.02989156763,1.02072189244,1.10092221413,1.76483458579,1.60305111764,1.0045619763,1.49324314974,1.48646194558,27,31,21,0
100_KO,1.0,1.02072189244,1.86691802281,1.82901732258,1.60305111764,2.64808944828,1.65190580584,1.48646194558,2.64119624081,1.77683407817,31,21,9,1
101_KO,0.0,1.82901732258,18.3997036749,10.0598848615,1.65190580584,2.98533070562,1.80720395501,1.77683407817,3.60319507969,2.02787369061,21,9,1,2
102_KO,1.0,10.0598848615,2.14329140115,0.213053273536,1.80720395501,2.0658115294,1.14309816757,2.02787369061,2.04372731702,1.00781785694,9,1,8,1
103_KO,0.0,0.213053273536,0.185516455364,0.870751489921,1.14309816757,0.81803376789,0.715628623245,1.00781785694,1.00182506004,0.994053690492,1,8,5,0
104_KO,1.0,0.870751489921,0.253033940565,0.290592601326,0.715628623245,0.270224095812,0.377603811579,0.994053690492,0.406282299307,0.408712631112,8,5,14,2
105_KO,0.0,0.290592601326,1.53508850389,5.28261386178,0.377603811579,0.628653426923,1.6648492617,0.408712631112,0.419205786932,1.02567367637,5,14,4,0
106_KO,1.0,5.28261386178,2.14988821406,0.406974325648,1.6648492617,0.930270074614,0.558771353067,1.02567367637,0.729470315888,0.711210916973,14,4,9,1
107_KO,0.0,0.406974325648,0.290514889594,0.713840827997,0.558771353067,0.642027125375,1.14899792527,0.711210916973,0.712065759957,1.00120195425,4,9,20,1
108_KO,1.0,0.713840827997,4.49853133396,6.30186892864,1.14899792527,5.09810837929,4.43700399031,1.00120195425,5.77794613539,5.77100964583,9,20,4,1
109_KO,0.0,6.30186892864,1.61838406163,0.25681017488,4.43700399031,3.78361061087,0.852739961273,5.77100964583,6.25227295164,1.08339325965,20,4,9,2
110_KO,1.0,0.25681017488,0.114509077068,0.445889954015,0.852739961273,0.196678554678,0.230643060734,1.08339325965,0.176695624676,0.163094631707,4,9,19,2
111_KO,0.0,0.445889954015,0.604390285187,1.35546961699,0.230643060734,0.275211199322,1.19323424883,0.163094631707,0.163928447138,1.00511246399,9,19,10,1
112_KO,1.0,1.35546961699,3.71749473313,2.74258802008,1.19323424883,1.7537466161,1.46974210456,1.00511246399,1.83345471229,1.82412891889,19,10,3,1
113_KO,0.0,2.74258802008,1.0992603127,0.40081131568,1.46974210456,1.86084422084,1.2661025462,1.82412891889,1.83875690131,1.00801916042,10,3,9,0
114_KO,1.0,0.40081131568,28.7046948475,71.6164781895,1.2661025462,4.72230937213,3.72980007527,1.00801916042,4.01963076083,3.98765313068,3,9,1,0
115_KO,0.0,71.6164781895,22.0714034756,0.308188897772,3.72980007527,4.49489571368,1.20513046892,3.98765313068,4.10362604688,1.02908300005,9,1,1,0
116_KO,1.0,0.308188897772,0.43646025873,1.41621019409,1.20513046892,0.96577087486,0.801382837602,1.02908300005,1.0083752149,0.979877439285,1,1,1,0
117_KO,0.0,1.41621019409,8.55909869314,6.04366408947,0.801382837602,0.880545347445,1.0987823873,0.979877439285,0.983150869571,1.00334065277,1,1,1,0
118_KO,1.0,6.04366408947,0.178583207121,0.0295488307222,1.0987823873,0.692593088684,0.630327803472,1.00334065277,0.90142927022,0.898427934449,1,1,1,0
119_KO,0.0,0.0295488307222,0.00482719192315,0.163363212864,0.630327803472,0.181965416001,0.288683784847,0.898427934449,0.25226439789,0.280784232344,1,1,14,1
120_KO,1.0,0.163363212864,2.78305460334,17.0359933215,0.288683784847,0.416188383142,1.44167564992,0.280784232344,0.283691409234,1.01035377545,1,14,1,0
121_KO,0.0,17.0359933215,2.26944398406,0.133214655654,1.44167564992,0.801883307687,0.556216169517,1.01035377545,0.649602596305,0.642945681099,14,1,11,0
122_KO,1.0,0.133214655654,0.0564912900018,0.42406212533,0.556216169517,0.660648095198,1.18775420673,0.642945681099,0.651691496941,1.01360272897,1,11,20,2
123_KO,0.0,0.42406212533,0.265328040782,0.625682004908,1.18775420673,0.623512135357,0.524950475293,1.01360272897,0.640911401065,0.632310256028,11,20,28,1
124_KO,1.0,0.625682004908,0.840119288991,1.34272566959,0.524950475293,0.62282520873,1.18644565163,0.632310256028,0.637410878515,1.00806664519,20,28,22,0
125_KO,0.0,1.34272566959,2.32509379184,1.73162235928,1.18644565163,5.88859202196,4.96322104084,1.00806664519,4.99069100103,4.95075501687,28,22,9,2
126_KO,1.0,1.73162235928,5.99064591373,3.45955680326,4.96322104084,19.4477866865,3.91838012583,4.95075501687,93.0320063002,18.7914784681,22,9,1,1
127_KO,0.0,3.45955680326,0.777396277772,0.22470978856,3.91838012583,0.269355818668,0.0687416253703,18.7914784681,0.349006604403,0.0185725995427,9,1,13,1
128_KO,1.0,0.22470978856,0.370670483535,1.64955201066,0.0687416253703,0.0911619565923,1.32615363837,0.0185725995427,0.018786229724,1.01150243835,1,13,10,2
129_KO,0.0,1.64955201066,65.145277905,39.4927092227,1.32615363837,2.14384112275,1.61658578668,1.01150243835,1.73528623396,1.71555318916,13,10,1,2
130_KO,1.0,39.4927092227,44.0134662579,1.11447067381,1.61658578668,1.6596918959,1.02666490673,1.71555318916,1.7203359654,1.00278789155,10,1,1,0
131_KO,0.0,1.11447067381,0.028852767528,0.0258892119875,1.02666490673,0.528801474181,0.515067253896,1.00278789155,0.611480181185,0.609780180172,1,1,11,0
132_KO,1.0,0.0258892119875,0.0174661750014,0.674650700449,0.515067253896,0.644800058974,1.25187546693,0.609780180172,0.617793847658,1.01314189563,1,11,15,2
133_KO,0.0,0.674650700449,6.8086111896,10.0920538363,1.25187546693,4.41419798892,3.52606797203,1.01314189563,4.41245690922,4.35522104875,11,15,2,2
134_KO,1.0,10.0920538363,20.7741555079,2.05846657627,3.52606797203,4.2343571006,1.2008722277,4.35522104875,4.37756802254,1.00513107682,15,2,2,1
135_KO,0.0,2.05846657627,0.592800541465,0.287981621027,1.2008722277,0.817258230505,0.680553860479,1.00513107682,0.869487699733,0.865049066516,2,2,3,0
136_KO,1.0,0.287981621027,0.058524767687,0.203223967829,0.680553860479,0.424374998011,0.623572978797,0.865049066516,0.887503245864,1.02595711644,2,3,9,2
137_KO,0.0,0.203223967829,0.0480870089381,0.236620756162,0.623572978797,0.123214693292,0.197594664107,1.02595711644,0.118381111634,0.115386023195,3,9,14,1
138_KO,1.0,0.236620756162,0.820478514553,3.46748327518,0.197594664107,0.251185426336,1.27121563465,0.115386023195,0.116764708596,1.01194846103,9,14,18,2
139_KO,0.0,3.46748327518,1.91409520692,0.55201281593,1.27121563465,0.992317898725,0.780605486339,1.01194846103,0.936929911495,0.925867223064,14,18,11,2
140_KO,1.0,0.55201281593,0.804815452797,1.45796515873,0.780605486339,0.907473498252,1.16252513483,0.925867223064,0.931173688771,1.00573134633,18,11,34,2
141_KO,0.0,1.45796515873,74.6969959559,51.2337318274,1.16252513483,10.1333821217,8.71669937977,1.00573134633,8.65941530014,8.61006801844,11,34,1,0
142_KO,1.0,51.2337318274,0.723144170836,0.0141146105318,8.71669937977,1.28833394234,0.147800662408,8.61006801844,1.76338605624,0.204805124938,34,1,16,0
143_KO,0.0,0.0141146105318,0.00925355431216,0.655601108603,0.147800662408,0.060720438775,0.410826567253,0.204805124938,0.0668833732382,0.326570798746,1,16,43,1
144_KO,1.0,0.655601108603,0.542257550477,0.827115060303,0.410826567253,0.472411076175,1.14990391038,0.326570798746,0.331578044371,1.0153328027,16,43,32,2
145_KO,0.0,0.827115060303,2.10587137325,2.54604404432,1.14990391038,2.63725352011,2.29345556293,1.0153328027,2.98970159169,2.94455333634,43,32,22,2
146_KO,1.0,2.54604404432,2.01742967989,0.792378154021,2.29345556293,3.66032203442,1.59598559204,2.94455333634,3.09619638233,1.05149950728,32,22,6,1
147_KO,0.0,0.792378154021,0.471348197417,0.594852590301,1.59598559204,0.641586861711,0.402000409598,1.05149950728,0.714420713575,0.679430383587,22,6,8,1
148_KO,1.0,0.594852590301,0.968998547216,1.62897256062,0.402000409598,0.647692714917,1.61117426613,0.679430383587,0.702920735351,1.03457359625,6,8,15,0
149_KO,0.0,1.62897256062,1.17232740292,0.719672897665,1.61117426613,0.723403025507,0.448991174149,1.03457359625,0.583146307652,0.563658602699,8,15,22,0
150_KO,1.0,0.719672897665,1.45107796243,2.01630208271,0.448991174149,0.486690328472,1.08396413225,0.563658602699,0.563886280935,1.00040392932,15,22,7,1
151_KO,0.0,2.01630208271,0.823140726424,0.408242759596,1.08396413225,0.680429448128,0.627723213237,1.00040392932,0.732974033662,0.732678083502,22,7,12,1
152_KO,1.0,0.408242759596,0.534337750487,1.30887257135,0.627723213237,0.775834667272,1.23595025787,0.732678083502,0.741149698375,1.01156253348,7,12,10,2
153_KO,0.0,1.30887257135,4.99118470669,3.81334655179,1.23595025787,1.42937834567,1.15650151499,1.01156253348,1.28793197402,1.27321043573,12,10,4,2
154_KO,1.0,3.81334655179,4.44294058631,1.16510275842,1.15650151499,1.2483199511,1.0793932692,1.27321043573,1.29037739929,1.01348320991,10,4,2,1
155_KO,0.0,1.16510275842,8.20744786584,7.04439827863,1.0793932692,1.0570238814,0.979275961379,1.01348320991,1.01440570093,1.00091021836,4,2,1,0
156_KO,1.0,7.04439827863,0.488499596633,0.0693458230655,0.979275961379,0.992299651887,1.01329930584,1.00091021836,1.00202491732,1.00111368527,2,1,10,0
157_KO,0.0,0.0693458230655,0.425553144197,6.13668026977,1.01329930584,1.15192979119,1.13681099411,1.00111368527,1.1631173262,1.16182342057,1,10,2,0
158_KO,1.0,6.13668026977,0.32681383707,0.0532558032524,1.13681099411,1.33645758935,1.1756198667,1.16182342057,1.19395074523,1.02765250217,10,2,15,2
159_KO,0.0,0.0532558032524,0.0576267539339,1.08207463627,1.1756198667,1.46710343245,1.24794031983,1.02765250217,2.09011318372,2.03387154638,2,15,6,1
160_KO,1.0,1.08207463627,0.513542194466,0.47459036304,1.24794031983,0.534618150309,0.428400414518,2.03387154638,0.711997182163,0.350069886877,15,6,16,2
161_KO,0.0,0.47459036304,1.07273872033,2.26034661441,0.428400414518,0.556369522841,1.29871378268,0.350069886877,0.356338674932,1.01790724735,6,16,23,1
162_KO,1.0,2.26034661441,7.39097770853,3.26984262565,1.29871378268,3.77645413171,2.90784172931,1.01790724735,4.2046259374,4.13065723653,16,23,2,1
163_KO,0.0,3.26984262565,0.759054655575,0.232137978024,2.90784172931,1.73585860924,0.596957733889,4.13065723653,2.64171373159,0.639538354386,23,2,13,1
164_KO,1.0,0.232137978024,2.02466297788,8.72180844824,0.596957733889,0.912292775239,1.52823679709,0.639538354386,0.649344729106,1.01533352089,2,13,3,0
165_KO,0.0,8.72180844824,70.8436980367,8.12259274635,1.52823679709,1.48088173149,0.969013266992,1.01533352089,1.06195816269,1.04592051857,13,3,1,2
166_KO,1.0,8.12259274635,0.101659857701,0.0125156906022,0.969013266992,0.353159291992,0.364452483802,1.04592051857,0.461793574555,0.4415188022,3,1,27,0
167_KO,0.0,0.0125156906022,0.0175684917253,1.40371732441,0.364452483802,0.459569374886,1.2609857123,0.4415188022,0.443882887773,1.00535443918,1,27,12,0
168_KO,1.0,1.40371732441,4.8986368976,3.48976023336,1.2609857123,1.76920911182,1.40303660427,1.00535443918,1.66957243387,1.66068042156,27,12,2,1
169_KO,0.0,3.48976023336,3.205871392,0.918650903679,1.40303660427,1.83742887421,1.3096086507,1.66068042156,1.69996695307,1.02365688847,12,2,3,2
170_KO,1.0,0.918650903679,0.223365129403,0.243144733771,1.3096086507,0.374677537358,0.286098856446,1.02365688847,0.344525675466,0.336563627274,2,3,21,2
171_KO,0.0,0.243144733771,0.140024750689,0.575890534489,0.286098856446,0.329245929801,1.15081176448,0.336563627274,0.341654628559,1.01512641555,3,21,27,1
172_KO,1.0,0.575890534489,0.945618333646,1.64201055064,1.15081176448,3.08143180602,2.67761583705,1.01512641555,2.57918879247,2.54075625751,21,27,13,2
173_KO,0.0,1.64201055064,2.78444110035,1.69575104086,2.67761583705,5.24706154355,1.95960207247,2.54075625751,11.6383135746,4.58064937957,27,13,7,2
174_KO,1.0,1.69575104086,1.00179045235,0.590765052308,1.95960207247,0.896535207944,0.457508807804,4.58064937957,1.56132373221,0.340852050186,13,7,8,0
175_KO,0.0,0.590765052308,1.47573560643,2.498007627,0.457508807804,0.979030631635,2.13991646704,0.340852050186,0.360651800675,1.05808898752,7,8,3,0
176_KO,1.0,2.498007627,0.339008540533,0.135711571442,2.13991646704,0.228405402396,0.106735662777,1.05808898752,0.169129651674,0.159844449446,8,3,17,2
177_KO,0.0,0.135711571442,0.290960221341,2.14396029941,0.106735662777,0.124023873246,1.16197220328,0.159844449446,0.160185483975,1.00213354002,3,17,16,1
178_KO,1.0,2.14396029941,7.39677693819,3.45005312843,1.16197220328,2.24304581315,1.93037820252,1.00213354002,2.23485507193,2.23009707058,17,16,2,1
179_KO,0.0,3.45005312843,1.23533754119,0.358063338506,1.93037820252,2.6065186001,1.3502631747,2.23009707058,2.2998834152,1.03129296278,16,2,19,0
180_KO,1.0,0.358063338506,1.50344505862,4.1988243334,1.3502631747,5.76554732786,4.26994339762,1.03129296278,7.69418326319,7.46071537467,2,19,6,0
181_KO,0.0,4.1988243334,3.92814157812,0.935533679482,4.26994339762,8.28061315375,1.93927937273,7.46071537467,7.7907180482,1.0442320417,19,6,7,2
182_KO,1.0,0.935533679482,0.485961050163,0.519447948076,1.93927937273,0.327629323672,0.168943850112,1.0442320417,0.27604694426,0.264354025962,6,7,12,2
183_KO,0.0,0.519447948076,4.88221963301,9.39886210177,0.168943850112,0.231589432119,1.37080711707,0.264354025962,0.267590933103,1.01224459181,7,12,1,2
184_KO,1.0,9.39886210177,3.88391644067,0.413232623121,1.37080711707,1.13125449824,0.82524702721,1.01224459181,0.952200138597,0.940681873038,12,1,5,1
185_KO,0.0,0.413232623121,0.458886180371,1.11047907328,0.82524702721,0.944540469751,1.14455482856,0.940681873038,0.964901365009,1.02574674039,1,5,2,0
186_KO,1.0,1.11047907328,0.362800504557,0.326706295766,1.14455482856,0.766285534013,0.669505308868,1.02574674039,0.903044136993,0.880377291429,5,2,2,0
187_KO,0.0,0.326706295766,0.335035717641,1.02549513732,0.669505308868,0.975225900317,1.45663654552,0.880377291429,0.902574515756,1.02521330859,2,2,9,1
188_KO,1.0,1.02549513732,0.341057098759,0.332577977551,1.45663654552,0.55309663005,0.379708055349,1.02521330859,0.534022773067,0.520889427196,2,9,11,2
189_KO,0.0,0.332577977551,0.227641610797,0.684475900879,0.379708055349,0.474001903251,1.24833249275,0.520889427196,0.538785732665,1.03435720622,9,11,21,1
190_KO,1.0,0.684475900879,1.07109002777,1.5648323431,1.24833249275,1.56768871493,1.25582625145,1.03435720622,1.19860289788,1.1587901072,11,21,20,0
191_KO,0.0,1.5648323431,1.38907187778,0.887680960781,1.25582625145,0.628860098453,0.500754063493,1.1587901072,0.702271230381,0.606038337763,21,20,21,0
192_KO,1.0,0.887680960781,1.26474487191,1.42477413372,0.500754063493,0.608295966671,1.21475992112,0.606038337763,0.613453108172,1.01223482072,20,21,23,0
193_KO,0.0,1.42477413372,2.36429611465,1.65941819036,1.21475992112,2.10192014402,1.73031733059,1.01223482072,2.28942611575,2.26175396152,21,23,6,2
194_KO,1.0,1.65941819036,1.52617993344,0.919707848392,1.73031733059,2.35016339233,1.35822681238,2.26175396152,2.30073610795,1.01723536118,23,6,21,1
195_KO,0.0,0.919707848392,5.4176646111,5.89063648916,1.35822681238,26.2968057701,19.3611299162,1.01723536118,82.8944823499,81.489973229,6,21,2,2
196_KO,1.0,5.89063648916,16.8475823785,2.86006145678,19.3611299162,30.7299433006,1.58719782542,81.489973229,96.4435161692,1.18350163029,21,2,2,0
197_KO,0.0,2.86006145678,1.71948407953,0.601205290696,1.58719782542,1.43502111068,0.904122402197,1.18350163029,5.33288708524,4.50602428314,2,2,2,0
198_KO,1.0,0.601205290696,0.251349838298,0.418076557522,0.904122402197,0.275016495866,0.304180601208,4.50602428314,0.395706916775,0.0878173067676,2,2,2,0
199_KO,0.0,0.418076557522,0.0488869844113,0.116933091635,0.304180601208,0.0178032530747,0.0585285616638,0.0878173067676,0.0013100809657,0.0149182548852,2,2,30,1
200_KO,1.0,0.116933091635,0.158102419405,1.35207593671,0.0585285616638,0.063574283124,1.08620955849,0.0149182548852,0.0149583527215,1.00268783692,2,30,17,2
201_KO,0.0,1.35207593671,1.63295785326,1.20774122882,1.08620955849,0.961433888683,0.885127442643,1.00268783692,1.04191610487,1.03912311141,30,17,17,0
202_KO,1.0,1.20774122882,3.13753133752,2.59785065099,0.885127442643,1.08031309983,1.22051701008,1.03912311141,1.04929481731,1.00978873993,17,17,6,1
203_KO,0.0,2.59785065099,8.51908883614,3.27928352344,1.22051701008,1.24348885536,1.01882140526,1.00978873993,1.10701090421,1.09627970727,17,6,3,2
204_KO,1.0,3.27928352344,0.314655663778,0.0959525644944,1.01882140526,1.0564835996,1.0369664341,1.09627970727,1.10169849672,1.0049428895,6,3,38,2
205_KO,0.0,0.0959525644944,0.0918432585393,0.957173568244,1.0369664341,1.26169892616,1.21672108631,1.0049428895,1.18066695687,1.17485975493,3,38,10,1
206_KO,1.0,0.957173568244,2.87721526787,3.00594935268,1.21672108631,1.94715443922,1.60032932866,1.17485975493,2.43721359088,2.07447193647,38,10,4,1
207_KO,0.0,3.00594935268,3.89141440643,1.29457084929,1.60032932866,2.01160013264,1.25699135585,2.07447193647,2.07541301052,1.00045364511,10,4,6,2
208_KO,1.0,1.29457084929,7.80105773582,6.02597976008,1.25699135585,1.51817851121,1.20778755092,1.00045364511,1.25903909545,1.2584681975,4,6,3,0
209_KO,0.0,6.02597976008,0.478312877617,0.0793751218325,1.20778755092,1.28521166872,1.06410408664,1.2584681975,1.26417860192,1.00453758341,6,3,14,1
210_KO,1.0,0.0793751218325,0.175866372528,2.21563593816,1.06410408664,5.83619553783,5.48460964592,1.00453758341,3.49142614379,3.47565506901,3,14,4,2
211_KO,0.0,2.21563593816,5.30684489235,2.39517910003,5.48460964592,3.13384051229,0.571388068542,3.47565506901,5.06158615491,1.45629703017,14,4,2,2
212_KO,1.0,2.39517910003,23.4895847763,9.80702644573,0.571388068542,0.979238997173,1.71378971856,1.45629703017,1.47837472285,1.01516015773,4,2,1,0
213_KO,0.0,9.80702644573,0.595559802624,0.060727867506,1.71378971856,0.688827287768,0.401932209249,1.01516015773,0.713145992571,0.702496041774,2,1,3,0
214_KO,1.0,0.060727867506,0.0186243055746,0.306684662898,0.401932209249,0.121444812146,0.302152475844,0.702496041774,0.184563521778,0.262725354739,1,3,15,0
215_KO,0.0,0.306684662898,1.24807681561,4.06957688661,0.302152475844,0.507858292359,1.68080136011,0.262725354739,0.27279602267,1.03833154185,3,15,6,0
216_KO,1.0,4.06957688661,0.584627260907,0.143657996199,1.68080136011,0.521451334958,0.310239715016,1.03833154185,0.458180531933,0.441266121142,15,6,9,2
217_KO,0.0,0.143657996199,0.237175897251,1.65097595349,0.310239715016,0.420110626551,1.35414844141,0.441266121142,0.456596821604,1.03474252776,6,9,16,1
218_KO,1.0,1.65097595349,1.65980873255,1.00535003495,1.35414844141,1.4672949419,1.08355546337,1.03474252776,1.55059467377,1.49853188806,9,16,8,1
219_KO,0.0,1.00535003495,0.531059715656,0.528233647182,1.08355546337,0.485284031951,0.447862659878,1.49853188806,0.577082461973,0.385098553173,16,8,25,1
220_KO,1.0,0.528233647182,0.733494369381,1.38857941612,0.447862659878,0.529397545276,1.18205332282,0.385098553173,0.387871367612,1.00720027228,8,25,15,2
221_KO,0.0,1.38857941612,1.84985162043,1.33219000581,1.18205332282,1.47659327523,1.24917653605,1.00720027228,1.52128817638,1.51041279301,25,15,9,2
222_KO,1.0,1.33219000581,5.29848790149,3.97727642332,1.24917653605,1.5105727893,1.20925485367,1.51041279301,1.51919494183,1.0058144031,15,9,8,1
223_KO,0.0,3.97727642332,6.30942973015,1.58636942938,1.20925485367,1.20724259563,0.998335952071,1.0058144031,1.06546349135,1.05930426932,9,8,2,2
224_KO,1.0,1.58636942938,8.08489158217,5.09647464989,0.998335952071,1.04609637595,1.04784003198,1.05930426932,1.06162399728,1.00218985992,8,2,1,0
225_KO,0.0,5.09647464989,3.11166860688,0.610553141268,1.04784003198,1.02036295362,0.973777411122,1.00218985992,0.998608170042,0.996426136385,2,1,1,0
226_KO,1.0,0.610553141268,2.10167518883,3.44224776972,0.973777411122,0.992852072783,1.01958831807,0.996426136385,0.997461736506,1.00103931449,1,1,1,0
227_KO,0.0,3.44224776972,0.166581041658,0.0483931003233,1.01958831807,0.906609004617,0.889191243708,1.00103931449,0.945525552327,0.944543874193,1,1,5,0
228_KO,1.0,0.0483931003233,0.721039205493,14.8996282668,0.889191243708,0.947064191173,1.06508492731,0.944543874193,0.945831601955,1.00136333292,1,5,1,0
229_KO,0.0,14.8996282668,12.3458258585,0.828599589026,1.06508492731,1.0506333893,0.986431562739,1.00136333292,0.999238588445,0.997878148311,5,1,2,0
230_KO,1.0,0.828599589026,0.326569392532,0.394122078815,0.986431562739,1.00181910738,1.01559920142,0.997878148311,0.999750818043,1.00187665171,1,2,2,0
231_KO,0.0,0.394122078815,0.0379443008362,0.0962755016171,1.01559920142,0.796212122731,0.783982619929,1.00187665171,0.859178360495,0.857569002161,2,2,8,0
232_KO,1.0,0.0962755016171,6.87638644291,71.4240520943,0.783982619929,0.853352450684,1.08848388853,0.857569002161,0.85801560574,1.00052077859,2,8,1,0
233_KO,0.0,71.4240520943,2.35386633655,0.0329562138737,1.08848388853,0.980714965368,0.900991714897,1.00052077859,0.930006234102,0.929522158859,8,1,11,0
234_KO,1.0,0.0329562138737,0.0195886540536,0.594384237481,0.900991714897,0.997458515814,1.10706735625,0.929522158859,0.947570699572,1.01941700963,1,11,3,0
235_KO,0.0,0.594384237481,0.673542466944,1.13317686518,1.10706735625,0.935648692825,0.845159680251,1.01941700963,0.968912976404,0.950457925705,11,3,5,0
236_KO,1.0,1.13317686518,0.957424080661,0.844902600889,0.845159680251,0.932830557471,1.10373291494,0.950457925705,0.956980652247,1.00686271992,3,5,3,0
237_KO,0.0,0.844902600889,42.1478716646,49.8848880572,1.10373291494,1.11030466198,1.00595410987,1.00686271992,1.04362583119,1.03651253596,5,3,1,0
238_KO,1.0,49.8848880572,0.827545521167,0.0165891024997,1.00595410987,1.01783455135,1.01181012271,1.03651253596,1.03850728305,1.00192447947,3,1,12,0
239_KO,0.0,0.0165891024997,0.466258960061,28.106340296,1.01181012271,1.21660472002,1.20240417911,1.00192447947,1.2207159652,1.21837123477,1,12,2,0
240_KO,1.0,28.106340296,0.282210723314,0.0100408206953,1.20240417911,1.21297250414,1.00878932826,1.21837123477,1.2191713411,1.00065670159,12,2,27,2
241_KO,0.0,0.0100408206953,7.93623832627,790.39737558,1.00878932826,2.04413667933,2.02632662943,1.00065670159,2.03014815714,2.02881583056,2,27,1,0
242_KO,1.0,790.39737558,79.8641966348,0.101043094401,2.02632662943,1.98094269766,0.977602854787,2.02881583056,2.00942172094,0.990440675132,27,1,3,0
243_KO,0.0,0.101043094401,0.00221467240273,0.0219180975787,0.977602854787,0.626774312592,0.641133881231,0.990440675132,0.802029616375,0.809770475418,1,3,23,0
244_KO,1.0,0.0219180975787,0.0130491303368,0.595358711673,0.641133881231,0.919556412369,1.43426582074,0.809770475418,0.827829825486,1.02230181344,3,23,9,2
245_KO,0.0,0.595358711673,0.580184316984,0.974512181663,1.43426582074,0.592253606048,0.412931548311,1.02230181344,0.513536212402,0.502333269543,23,9,17,1
246_KO,1.0,0.974512181663,1.99992893476,2.05223595189,0.412931548311,0.482447747364,1.16834799699,0.502333269543,0.507578198455,1.01044113386,9,17,20,1
247_KO,0.0,2.05223595189,10.5424400518,5.13705066034,1.16834799699,2.29957030207,1.96822377236,1.01044113386,2.25882008531,2.23547914827,17,20,3,2
248_KO,1.0,5.13705066034,0.633879418906,0.123393647604,1.96822377236,1.47084680641,0.747296535619,2.23547914827,1.87235618565,0.837563699529,20,3,19,2
249_KO,0.0,0.123393647604,0.0883245115557,0.715794639923,0.747296535619,0.703704953223,0.941667624139,0.837563699529,0.839680559485,1.00252740175,3,19,19,1
250_KO,1.0,0.715794639923,18.9806204857,26.5168519392,0.941667624139,1.39310900772,1.47940629157,1.00252740175,1.09886578086,1.09609550716,19,19,1,1
251_KO,0.0,26.5168519392,2.48223941144,0.0936098831463,1.47940629157,0.824866019588,0.557565574979,1.09609550716,0.739938534391,0.675067573542,19,1,8,0
252_KO,1.0,0.0936098831463,0.0319645864056,0.341465936408,0.557565574979,0.760176447147,1.36338483088,0.675067573542,0.695308270623,1.02998321631,1,8,12,0
253_KO,0.0,0.341465936408,0.551011188135,1.61366370518,1.36338483088,0.880096799702,0.645523391318,1.02998321631,0.988436838637,0.959663053713,8,12,19,1
254_KO,1.0,1.61366370518,8.04032195209,4.98265030458,0.645523391318,0.945072984282,1.46404142281,0.959663053713,0.98051795651,1.02173148452,12,19,2,1
255_KO,0.0,4.98265030458,4.64398963613,0.932032021565,1.46404142281,1.19945317367,0.819275435099,1.02173148452,0.985710663873,0.964745315972,19,2,4,2
256_KO,1.0,0.932032021565,0.114796977544,0.123168490875,0.819275435099,0.598533308405,0.730564206814,0.964745315972,0.961703447107,0.996846972134,2,4,16,2
257_KO,0.0,0.123168490875,0.249511478136,2.02577360786,0.730564206814,1.07891930387,1.47683022766,0.996846972134,0.998162662743,1.00131985214,4,16,20,1
258_KO,1.0,2.02577360786,76.2940811695,37.6617016203,1.47683022766,77.1848429722,52.2638564179,1.00131985214,33.3044205873,33.2605216167,16,20,1,0
259_KO,0.0,37.6617016203,17.6505479844,0.468660395708,52.2638564179,15.0685025658,0.288315933774,33.2605216167,22.7463045309,0.683882976731,20,1,3,0
260_KO,1.0,0.468660395708,0.0211547955093,0.0451388589755,0.288315933774,0.0180710206741,0.0626778424542,0.683882976731,0.0445816377496,0.0651889859324,1,3,10,2
261_KO,0.0,0.0451388589755,0.037627897323,0.833603200812,0.0626778424542,0.0483355884475,0.771175052538,0.0651889859324,0.0408267615094,0.626283120153,3,10,25,1
262_KO,1.0,0.833603200812,0.947959479101,1.13718310844,0.771175052538,1.05255345144,1.36486968552,0.626283120153,0.635273318206,1.0143548465,10,25,20,0
263_KO,0.0,1.13718310844,3.25811536387,2.86507541283,1.36486968552,2.53277541686,1.85569028585,1.0143548465,2.50701698787,2.47153843305,25,20,19,2
264_KO,1.0,2.86507541283,9.72772402014,3.3952767793,1.85569028585,2.38295078128,1.28413173225,2.47153843305,2.48264996772,1.00449579684,20,19,4,1
265_KO,0.0,3.3952767793,0.363673012303,0.107111448033,1.28413173225,0.274649921487,0.213879864963,1.00449579684,0.256322849795,0.255175631997,19,4,20,1
266_KO,1.0,0.107111448033,0.149685902748,1.39747809872,0.213879864963,0.273028849488,1.27655237456,0.255175631997,0.25944066883,1.01671412274,4,20,8,2
267_KO,0.0,1.39747809872,40.6533551935,29.090513283,1.27655237456,1.54643186069,1.21141277985,1.01671412274,1.33354746632,1.31162480828,20,8,1,2
268_KO,1.0,29.090513283,23.3920446487,0.804112475469,1.21141277985,1.22927853956,1.01474787126,1.31162480828,1.31585335673,1.00322390094,8,1,2,0
269_KO,0.0,0.804112475469,0.0302584010301,0.0376295629693,1.01474787126,0.562151328829,0.553981284172,1.00322390094,0.610129714362,0.608169037631,1,2,13,0
270_KO,1.0,0.0376295629693,0.0197037275585,0.523623608773,0.553981284172,0.642009698879,1.15890142361,0.608169037631,0.614782650859,1.01087462994,2,13,20,2
271_KO,0.0,0.523623608773,1.55887399183,2.97708882051,1.15890142361,7.7156051656,6.65768891852,1.01087462994,9.53014826261,9.42762631517,13,20,9,2
272_KO,1.0,2.97708882051,33.8928006817,11.3845446761,6.65768891852,25.3177172247,3.80277864204,9.42762631517,20.9446660454,2.22162666882,20,9,2,1
273_KO,0.0,11.3845446761,0.392572932021,0.0344829717123,3.80277864204,0.202571803127,0.0532694174957,2.22162666882,0.191428974756,0.08616613108,9,2,10,1
274_KO,1.0,0.0344829717123,0.0850742637459,2.46713840257,0.0532694174957,0.0693960037815,1.30273629868,0.08616613108,0.0864686102675,1.00351041858,2,10,11,0
275_KO,0.0,2.46713840257,1.22837447594,0.497894432943,1.30273629868,0.823305016318,0.631981328185,1.00351041858,0.772734875562,0.770031741829,10,11,9,2
276_KO,1.0,0.497894432943,0.0353725380451,0.0710442529674,0.631981328185,0.0636522466747,0.100718555812,0.770031741829,0.0730387596575,0.0948516219397,11,9,16,0
277_KO,0.0,0.0710442529674,0.235416793463,3.31366414073,0.100718555812,0.114119207183,1.13305047182,0.0948516219397,0.0948800473114,1.0002996825,9,16,74,1
278_KO,1.0,3.31366414073,34.4110837413,10.3846021443,1.13305047182,35.968425967,31.7447694181,1.0002996825,54.9216383331,54.90518421,16,74,9,0
279_KO,0.0,10.3846021443,18.4061394926,1.77244532211,31.7447694181,70.273612354,2.2137068135,54.90518421,57.4277645568,1.04594430167,74,9,16,0
280_KO,1.0,1.77244532211,18.350641124,10.3532903922,2.2137068135,29.3909589394,13.2768073713,1.04594430167,74.677884069,71.3975724612,9,16,1,1
281_KO,0.0,10.3532903922,0.467323669366,0.0451376955214,13.2768073713,0.377111991319,0.0284038158251,71.3975724612,0.769233625988,0.0107739465009,16,1,11,0
282_KO,1.0,0.0451376955214,0.0923103793662,2.04508401016,0.0284038158251,0.047521544547,1.67306902846,0.0107739465009,0.0107844359221,1.00097359136,1,11,6,0
283_KO,0.0,2.04508401016,17.0976505299,8.36036585536,1.67306902846,2.50696868276,1.49842513376,1.00097359136,1.62125734999,1.61968044311,11,6,1,2
284_KO,1.0,8.36036585536,15.7476876459,1.88361226271,1.49842513376,1.69991143599,1.13446537814,1.61968044311,1.63634092116,1.01028627476,6,1,1,0
285_KO,0.0,1.88361226271,0.10282375808,0.054588600911,1.13446537814,0.341398158255,0.300933078111,1.01028627476,0.385267975914,0.381345352838,1,1,13,1
286_KO,1.0,0.054588600911,0.179301785738,3.28460123077,0.300933078111,0.379839117628,1.26220460712,0.381345352838,0.384214884939,1.00752475959,1,13,3,2
287_KO,0.0,3.28460123077,0.807522822885,0.245851099159,1.26220460712,0.695430659364,0.550965077642,1.00752475959,0.640413504323,0.63563053734,13,3,11,0
288_KO,1.0,0.245851099159,1.66973745643,6.79166154695,0.550965077642,0.643495953736,1.16794326873,0.63563053734,0.641009127703,1.00846181869,3,11,1,0
289_KO,0.0,6.79166154695,144.590143068,21.289362267,1.16794326873,1.12617348807,0.964236464413,1.00846181869,1.00806114767,0.999602690929,11,1,1,0
290_KO,1.0,21.289362267,10.8987966711,0.511936268187,0.964236464413,0.969531085168,1.00549099827,0.999602690929,1.00037907601,1.00077669367,1,1,1,0
291_KO,0.0,0.511936268187,0.0324272561979,0.0633423693789,1.00549099827,0.938384552234,0.933260023064,1.00077669367,0.972706650165,0.971951741402,1,1,3,0
292_KO,1.0,0.0633423693789,0.0324341364454,0.512044888175,0.933260023064,1.09654301618,1.17495980658,0.971951741402,0.995113129505,1.0238297717,1,3,1,0
293_KO,0.0,0.512044888175,0.184801539336,0.360908864835,1.17495980658,0.68235240625,0.580745317781,1.0238297717,0.747445734906,0.730048837771,3,1,8,0
294_KO,1.0,0.360908864835,0.167559810058,0.464271804835,0.580745317781,0.661835320449,1.13963091941,0.730048837771,0.730352102276,1.00041540304,1,8,44,2
295_KO,0.0,0.464271804835,0.943667761982,2.03257607323,1.13963091941,2.03779186129,1.78811563163,1.00041540304,1.72421076965,1.72349482466,8,44,20,0
296_KO,1.0,2.03257607323,1.74512610639,0.858578495227,1.78811563163,1.21379779381,0.678813926987,1.72349482466,1.34182505206,0.778548930268,44,20,26,0
297_KO,0.0,0.858578495227,0.803213367794,0.935515357372,0.678813926987,0.749732866694,1.10447478593,0.778548930268,0.778666676144,1.00015123761,20,26,18,0
298_KO,1.0,0.935515357372,1.13143005798,1.20941901067,1.10447478593,1.28675213619,1.16503532048,1.00015123761,1.4921550644,1.49192942856,26,18,10,1
299_KO,0.0,1.20941901067,0.862672388121,0.713294880027,1.16503532048,1.28146799363,1.09993917875,1.49192942856,1.36637183624,0.915842137087,18,10,27,0
300_KO,1.0,0.713294880027,14.0115499463,19.6434186458,1.09993917875,1.1878097713,1.07988677396,0.915842137087,0.922190955887,1.00693221959,10,27,2,1
301_KO,0.0,19.6434186458,2276.32115922,115.882128272,1.07988677396,1.07404637047,0.994591651984,1.00693221959,1.00815830971,1.00121764911,27,2,1,0
302_KO,1.0,115.882128272,0.0627874100031,0.000541821339832,0.994591651984,1.01390974801,1.01942314315,1.00121764911,1.00500007961,1.00377783043,2,1,20,0
303_KO,0.0,0.000541821339832,0.000658633343466,1.21559136757,1.01942314315,1.50889112836,1.48014211615,1.00377783043,2.21526983695,2.2069324205,1,20,9,1
304_KO,1.0,1.21559136757,0.753121707519,0.619551707596,1.48014211615,0.60212669789,0.406803300385,2.2069324205,0.770132836484,0.348960769859,20,9,23,0
305_KO,0.0,0.619551707596,1.04445664215,1.68582642795,0.406803300385,0.57867474649,1.4224927525,0.348960769859,0.357135342634,1.02342547782,9,23,5,0
306_KO,1.0,1.68582642795,4.54263902607,2.69460660407,1.4224927525,1.34920117191,0.948476657994,1.02342547782,1.17157185917,1.14475541655,23,5,5,1
307_KO,0.0,2.69460660407,0.869310217797,0.322611180602,0.948476657994,1.12219574148,1.18315588689,1.14475541655,1.16230210097,1.0153278894,5,5,26,0
308_KO,1.0,0.322611180602,1.42786362669,4.42595828211,1.18315588689,19.1065813477,16.1488283661,1.0153278894,8.64680923703,8.51627275018,5,26,3,0
309_KO,0.0,4.42595828211,0.660437566271,0.149219112376,16.1488283661,0.614600376693,0.0380585119093,8.51627275018,0.763495259234,0.0896513394569,26,3,19,0
310_KO,1.0,0.149219112376,0.352900693453,2.36498319708,0.0380585119093,0.0485804747732,1.27646805763,0.0896513394569,0.0912289677222,1.01759737529,3,19,30,2
311_KO,0.0,2.36498319708,2.229888026,0.94287690025,1.27646805763,1.56276007975,1.22428451727,1.01759737529,1.54918329382,1.52239316988,19,30,14,2
312_KO,1.0,0.94287690025,0.323081958482,0.342655502958,1.22428451727,0.832744745141,0.680188904944,1.52239316988,1.08450895875,0.712371140523,30,14,26,2
313_KO,0.0,0.342655502958,0.41884789413,1.22235858031,0.680188904944,0.931593512846,1.36960998051,0.712371140523,0.729298864614,1.02376250683,14,26,21,1
314_KO,1.0,1.22235858031,6.97755770318,5.70827400044,1.36960998051,2.47000506979,1.80343682139,1.02376250683,1.86312153881,1.81987670615,26,21,5,1
315_KO,0.0,5.70827400044,171.36154851,30.0198533736,1.80343682139,1.87400249667,1.03912844323,1.81987670615,2.0838086755,1.1450273903,21,5,1,0
316_KO,1.0,30.0198533736,5.74777667825,0.191465847841,1.03912844323,1.09022835675,1.04917574324,1.1450273903,1.15447090329,1.00824741231,5,1,1,1
317_KO,0.0,0.191465847841,0.178202679683,0.930728282313,1.04917574324,0.971519439516,0.925983512083,1.00824741231,0.999391557821,0.991216585948,1,1,1,0
318_KO,1.0,0.930728282313,0.529906763313,0.569346363899,0.925983512083,0.996421952905,1.07606878514,0.991216585948,1.00674787586,1.0156689165,1,1,2,0
319_KO,0.0,0.569346363899,0.0416826238592,0.0732113639469,1.07606878514,0.361962012003,0.336374418627,1.0156689165,0.428097557176,0.421493215184,1,2,13,1
320_KO,1.0,0.0732113639469,0.037281065913,0.509225124396,0.336374418627,0.496262632853,1.47532810277,0.421493215184,0.436344007441,1.03523376349,2,13,14,2
321_KO,0.0,0.509225124396,0.755276102492,1.48318703518,1.47532810277,1.0589353783,0.717762629423,1.03523376349,1.05105145645,1.01527934416,13,14,20,1
322_KO,1.0,1.48318703518,0.881919650425,0.594611218616,0.717762629423,0.869354767163,1.21120093402,1.01527934416,1.03103145608,1.01551505209,14,20,13,0
323_KO,0.0,0.594611218616,2.13639233306,3.59292301621,1.21120093402,2.38552461952,1.96955315382,1.01551505209,1.85872330158,1.83032570295,20,13,23,0
324_KO,1.0,3.59292301621,2.55793489108,0.711937016056,1.96955315382,1.6107623196,0.817831352494,1.83032570295,2.44545092362,1.33607418596,13,23,10,1
325_KO,0.0,0.711937016056,0.748302763471,1.05108000651,0.817831352494,1.28443439487,1.57053699513,1.33607418596,1.34012863476,1.00303459856,23,10,17,0
326_KO,1.0,1.05108000651,0.674895781388,0.642097439975,1.57053699513,0.618939826449,0.394094394699,1.00303459856,0.484525254666,0.483059363417,10,17,15,0
327_KO,0.0,0.642097439975,1.27703183207,1.98884429771,0.394094394699,0.495906850322,1.25834535328,0.483059363417,0.486732341151,1.00760357424,17,15,41,0
328_KO,1.0,1.98884429771,2.045894959,1.02868533316,1.25834535328,1.91625414053,1.52283642606,1.00760357424,2.25843287604,2.24139029849,15,41,16,1
329_KO,0.0,1.02868533316,4.18464178384,4.06795124703,1.52283642606,2.28025835184,1.49737576066,2.24139029849,2.26263249496,1.00947724119,41,16,5,0
330_KO,1.0,4.06795124703,1.63872625639,0.402838224177,1.49737576066,0.877619625097,0.586105136834,1.00947724119,0.765711283091,0.758522581635,16,5,7,0
331_KO,0.0,0.402838224177,0.145204996678,0.360454862433,0.586105136834,0.717625202914,1.22439671283,0.758522581635,0.769348959607,1.01427298044,5,7,13,0
332_KO,1.0,0.360454862433,1.95693087536,5.42905944494,1.22439671283,2.14129610101,1.7488580936,1.01427298044,1.71775647519,1.69358398411,7,13,5,1
333_KO,0.0,5.42905944494,1.7304533239,0.318739063635,1.7488580936,0.743649285065,0.425219912231,1.69358398411,0.906767896133,0.535413598995,13,5,8,0
334_KO,1.0,0.318739063635,0.100574760886,0.315539487816,0.425219912231,0.237673854476,0.558943378801,0.535413598995,0.264572646256,0.494146295037,5,8,23,2
335_KO,0.0,0.315539487816,0.382281112673,1.21151591935,0.558943378801,0.452855567877,0.810199360173,0.494146295037,0.395971989507,0.80132542424,8,23,32,1
336_KO,1.0,1.21151591935,2.04996132556,1.69206305326,0.810199360173,0.954217233704,1.17775609388,0.80132542424,0.812089590105,1.01343295188,23,32,15,1
337_KO,0.0,1.69206305326,3.11519888263,1.84106548313,1.17775609388,2.01351057391,1.70961592503,1.01343295188,2.25963416741,2.22968294372,32,15,8,2
338_KO,1.0,1.84106548313,7.46281126259,4.05352842197,1.70961592503,2.35404065467,1.37694123001,2.22968294372,2.27691557227,1.02118356275,15,8,1,0
339_KO,0.0,4.05352842197,10.271677023,2.53400888157,1.37694123001,1.20822766645,0.87747221168,1.02118356275,1.01117149633,0.990195625175,8,1,3,0
340_KO,1.0,2.53400888157,0.267026175618,0.105376969102,0.87747221168,1.03523474954,1.17979206152,0.990195625175,1.01549234804,1.02554719716,1,3,5,2
341_KO,0.0,0.105376969102,0.352308228646,3.34331336009,1.17979206152,1.19384567365,1.0119119399,1.02554719716,1.29675184916,1.26444872821,3,5,2,0
342_KO,1.0,3.34331336009,2.35561327379,0.704574480486,1.0119119399,1.30260475592,1.28727086277,1.26444872821,1.29779893282,1.02637529214,5,2,3,0
343_KO,0.0,0.704574480486,0.718323133711,1.01951341356,1.28727086277,0.926511061691,0.71974833618,1.02637529214,0.935686864471,0.911642039352,2,3,5,0
344_KO,1.0,1.01951341356,0.176117905119,0.172747021056,0.71974833618,0.592364412949,0.823016022645,0.911642039352,0.900191359543,0.987439500029,3,5,16,2
345_KO,0.0,0.172747021056,0.263456060507,1.52509756115,0.823016022645,0.704369967876,0.85583992109,0.987439500029,0.838651548907,0.849319425527,5,16,23,1
346_KO,1.0,1.52509756115,54.9188977356,36.0100882296,0.85583992109,1.17372989242,1.37143625051,0.849319425527,0.852309646071,1.00352072548,16,23,2,1
347_KO,0.0,36.0100882296,1.16103888138,0.0322420448953,1.37143625051,0.550399269662,0.401330553613,1.00352072548,0.44166744107,0.440117906741,23,2,25,0
348_KO,1.0,0.0322420448953,0.0121878220489,0.378010206501,0.401330553613,0.445361089116,1.10971139652,0.440117906741,0.442288220383,1.00493120959,2,25,21,2
349_KO,0.0,0.378010206501,1.30702476052,3.4576441007,1.10971139652,4.73518804344,4.26704461924,1.00493120959,4.3614391325,4.34003749798,25,21,8,2
350_KO,1.0,3.4576441007,2.56986445214,0.743241460743,4.26704461924,2.42181648729,0.567562962986,4.34003749798,3.37100829082,0.776723309969,21,8,9,1
351_KO,0.0,0.743241460743,0.597078195759,0.803343499112,0.567562962986,0.829829729748,1.46209281413,0.776723309969,0.787235047458,1.01353343894,8,9,12,1
352_KO,1.0,0.803343499112,0.989998770341,1.23234801979,1.46209281413,1.41310283724,0.966493251034,1.01353343894,2.14631476165,2.11765559891,9,12,10,0
353_KO,0.0,1.23234801979,1.59087833512,1.29093268263,0.966493251034,0.977133982282,1.01100962809,2.11765559891,1.25862431141,0.594347972382,12,10,16,0
354_KO,1.0,1.29093268263,0.528512665068,0.409403737452,1.01100962809,0.414091319406,0.409581974196,0.594347972382,0.245848295354,0.413643701633,10,16,13,2
355_KO,0.0,0.409403737452,1.26634516692,3.09314510611,0.409581974196,0.507554952732,1.23920236902,0.413643701633,0.414230097435,1.00141763503,16,13,6,0
