0_AAPL,0.0,0.678298963398,5.24599574014,7.73404652407,1.03372677133,1.01314246988,0.980087289975,1.00429744253,1.00373971202,0.999444656047,1,1,1,0
1_AAPL,1.0,7.73404652407,0.12212547987,0.0157906316558,0.980087289975,1.0003621629,1.02068680324,0.999444656047,1.00307401431,1.00363137493,1,1,4,0
2_AAPL,0.0,0.0157906316558,0.0075812024,0.480107608438,1.02068680324,0.703539884452,0.689280866782,1.00363137493,0.80289126243,0.799986212556,1,4,8,0
3_AAPL,1.0,0.480107608438,0.442795843175,0.922284578276,0.689280866782,0.814205406096,1.18123894821,0.799986212556,0.805096274195,1.00638768714,4,8,6,0
4_AAPL,0.0,0.922284578276,0.566950394837,0.61472392382,1.18123894821,0.730601550464,0.618504453797,1.00638768714,0.769481058209,0.76459705146,8,6,7,0
5_AAPL,1.0,0.61472392382,0.347109742574,0.564659563624,0.618504453797,0.772334001294,1.24871210959,0.76459705146,0.770035413087,1.00711271593,6,7,19,0
6_AAPL,0.0,0.564659563624,6.02838798093,10.6761460698,1.24871210959,10.653268596,8.53140488841,1.00711271593,6.71283619429,6.66542690616,7,19,3,2
7_AAPL,1.0,10.6761460698,1.47009261556,0.137698810596,8.53140488841,0.609518869592,0.0714441381653,6.66542690616,0.697954973205,0.104712718785,19,3,22,0
8_AAPL,0.0,0.137698810596,0.165267488087,1.20020998999,0.0714441381653,0.081588401622,1.14198874417,0.104712718785,0.105256072809,1.00518899738,3,22,13,0
9_AAPL,1.0,1.20020998999,0.53029904469,0.441838552514,1.14198874417,0.688108143037,0.60255247396,1.00518899738,0.695607966432,0.692017091554,22,13,12,0
10_AAPL,0.0,0.441838552514,0.932151089828,2.10970972208,0.60255247396,0.696757936921,1.1563439983,0.692017091554,0.695832887762,1.00551402018,13,12,47,0
11_AAPL,1.0,2.10970972208,10.3056902721,4.88488542489,1.1563439983,9.16092705057,7.92231988412,1.00551402018,7.34050306558,7.30024934339,12,47,4,1
12_AAPL,0.0,4.88488542489,178.136468483,36.4668672833,7.92231988412,7.94135952162,1.00240329068,7.30024934339,8.18352388419,1.12099237975,47,4,1,2
13_AAPL,1.0,36.4668672833,0.0946475813205,0.00259544041953,1.00240329068,0.141634534464,0.1412949616,1.12099237975,0.179094321132,0.159764084367,4,1,20,0
14_AAPL,0.0,0.00259544041953,0.00675889156437,2.60414052024,0.1412949616,0.16184998863,1.14547600846,0.159764084367,0.159931134284,1.0010456037,1,20,34,0
15_AAPL,1.0,2.60414052024,94.1796046371,36.1653312888,1.14547600846,4.76595561731,4.16067694312,1.0010456037,4.25847208141,4.25402405813,20,34,2,1
16_AAPL,0.0,36.1653312888,2.97385011197,0.0822293065208,4.16067694312,4.26218922557,1.02439802076,4.25402405813,4.25921188377,1.00121951018,34,2,40,0
17_AAPL,1.0,0.0822293065208,0.121621588206,1.47905404231,1.02439802076,1.97742808579,1.93033181021,1.00121951018,1.88106501965,1.87877383583,2,40,17,0
18_AAPL,0.0,1.47905404231,2.96492426689,2.00460847412,1.93033181021,5.14417298638,2.66491644554,1.87877383583,8.24624815373,4.38916488854,40,17,4,2
19_AAPL,1.0,2.00460847412,7.15564757443,3.56959858587,2.66491644554,4.42870875321,1.66185651359,4.38916488854,4.42465525928,1.0080859051,17,4,8,1
20_AAPL,0.0,3.56959858587,0.641649969445,0.179754096717,1.66185651359,0.512783510528,0.308560640665,1.0080859051,0.41103582272,0.407738884794,4,8,8,0
21_AAPL,1.0,0.179754096717,0.253135424126,1.40823173852,0.308560640665,0.434812727773,1.40916458702,0.407738884794,0.415432296543,1.01886847695,8,8,7,0
22_AAPL,0.0,1.40823173852,12.9598409556,9.20291781604,1.40916458702,1.98270439295,1.40700696797,1.01886847695,1.64273896852,1.61231700233,8,7,1,2
23_AAPL,1.0,9.20291781604,2.29757269813,0.24965698315,1.40700696797,1.50007060632,1.06614298328,1.61231700233,1.61434915028,1.00126038983,7,1,2,1
24_AAPL,0.0,0.24965698315,0.0604023625755,0.241941410224,1.06614298328,0.282166188321,0.264660737581,1.00126038983,0.314462380822,0.314066534555,1,2,14,0
25_AAPL,1.0,0.241941410224,0.170467699039,0.704582563527,0.264660737581,0.342886166009,1.2955686935,0.314066534555,0.319736613138,1.01805374963,2,14,30,0
26_AAPL,0.0,0.704582563527,0.75788651351,1.07565323461,1.2955686935,2.23125830779,1.72222308163,1.01805374963,1.63383918355,1.60486534639,14,30,13,0
27_AAPL,1.0,1.07565323461,7.3901792579,6.87041048183,1.72222308163,6.08374805072,3.5324971054,1.60486534639,4.69488399784,2.92540680026,30,13,2,1
28_AAPL,0.0,6.87041048183,2.21818797772,0.322861055185,3.5324971054,1.04955995474,0.297115588045,2.92540680026,1.91193935168,0.653563583537,13,2,4,0
29_AAPL,1.0,0.322861055185,0.119939162757,0.371488480356,0.297115588045,0.167879035265,0.565029375837,0.653563583537,0.293230726855,0.448664421093,2,4,16,0
30_AAPL,0.0,0.371488480356,3.92806008402,10.5738408907,0.565029375837,0.717695809486,1.27019202926,0.448664421093,0.450053690044,1.00309645447,4,16,8,2
31_AAPL,1.0,10.5738408907,148.369181905,14.0317206811,1.27019202926,1.34138528192,1.05604920439,1.00309645447,1.07801579935,1.07468807665,16,8,1,1
32_AAPL,0.0,14.0317206811,0.428595044975,0.0305447246789,1.05604920439,1.07963879408,1.02233758578,1.07468807665,1.07999559206,1.00493865664,8,1,13,0
33_AAPL,1.0,0.0305447246789,0.0240130752103,0.786161128075,1.02233758578,0.827367133957,0.80928955901,1.00493865664,0.882364639103,0.878028358521,1,13,13,0
34_AAPL,0.0,0.786161128075,0.314027955392,0.399444775604,0.80928955901,0.881700185696,1.08947431223,0.878028358521,0.880877768325,1.00324523664,13,13,19,0
35_AAPL,1.0,0.399444775604,16.5232044768,41.3654289304,1.08947431223,3.06933516139,2.81726253381,1.00324523664,2.77443800626,2.76546342302,13,19,1,1
36_AAPL,0.0,41.3654289304,1.45882426955,0.0352667506968,2.81726253381,0.775965822384,0.27543255663,2.76546342302,0.91765276473,0.331826035771,19,1,28,0
37_AAPL,1.0,0.0352667506968,0.0375410966631,1.06448980758,0.27543255663,0.327849992718,1.19030951435,0.331826035771,0.333117096975,1.00389077729,1,28,13,0
38_AAPL,0.0,1.06448980758,1.61390506925,1.51613012897,1.19030951435,1.55148841331,1.30343275812,1.00389077729,1.60128936531,1.59508325161,28,13,5,0
39_AAPL,1.0,1.51613012897,1.05185768719,0.693777972676,1.30343275812,1.69115468778,1.29746216461,1.59508325161,1.61821964561,1.01450481909,13,5,10,0
40_AAPL,0.0,0.693777972676,0.6112105033,0.880988626581,1.29746216461,0.802576853022,0.618574379208,1.01450481909,0.793726297245,0.782378045242,5,10,15,0
41_AAPL,1.0,0.880988626581,0.641007154153,0.727599806413,0.618574379208,0.747829910387,1.2089571368,0.782378045242,0.784653822409,1.00290879477,10,15,13,0
42_AAPL,0.0,0.727599806413,1.74427685696,2.3973025303,1.2089571368,2.16684177628,1.79232307773,1.00290879477,2.20162348043,2.19523798366,15,13,12,2
43_AAPL,1.0,2.3973025303,2.27130888533,0.947443577364,1.79232307773,2.43271330249,1.35729619995,2.19523798366,2.24375554115,1.0221012746,13,12,9,1
44_AAPL,0.0,0.947443577364,0.993744908837,1.04886975075,1.35729619995,0.992041693225,0.730895506272,1.0221012746,1.12504756074,1.10072024045,12,9,12,0
45_AAPL,1.0,1.04886975075,0.74108255081,0.706553459362,0.730895506272,0.816891512687,1.11765841447,1.10072024045,1.15469908316,1.04903956585,9,12,15,0
46_AAPL,0.0,0.706553459362,0.805421455133,1.13992995783,1.11765841447,2.3310398027,2.08564600106,1.04903956585,1.79407309684,1.71020536808,12,15,9,0
47_AAPL,1.0,1.13992995783,0.479679242038,0.420797118932,2.08564600106,0.203686658033,0.097661184079,1.71020536808,0.179192516372,0.104778361544,15,9,26,0
48_AAPL,0.0,0.420797118932,0.693202070932,1.64735460331,0.097661184079,0.115086313594,1.17842431135,0.104778361544,0.105581395471,1.00766411991,9,26,10,0
49_AAPL,1.0,1.64735460331,3.08785728262,1.8744338811,1.17842431135,1.3457711701,1.14200900061,1.00766411991,1.28327564386,1.27351527011,26,10,8,1
50_AAPL,0.0,1.8744338811,0.969065774887,0.516991175128,1.14200900061,1.28213729555,1.12270331921,1.27351527011,1.28305479582,1.00749070382,10,8,23,0
51_AAPL,1.0,0.516991175128,2.06168704429,3.98785732423,1.12270331921,3.27273767166,2.91505121226,1.00749070382,3.20595222239,3.18211593439,8,23,10,1
52_AAPL,0.0,3.98785732423,2.76879491986,0.694306414384,2.91505121226,3.19821482104,1.09713846796,3.18211593439,3.20444818329,1.00701805005,23,10,13,2
53_AAPL,1.0,0.694306414384,0.893071579374,1.28627873929,1.09713846796,1.37192927085,1.2504613692,1.00701805005,1.69665227071,1.68482806304,10,13,7,0
54_AAPL,0.0,1.28627873929,0.42976910919,0.334118178326,1.2504613692,0.606738149439,0.485211430264,1.68482806304,0.902260193835,0.535520634794,13,7,20,0
55_AAPL,1.0,0.334118178326,0.515063116037,1.5415596919,0.485211430264,0.741139699616,1.5274572143,0.535520634794,0.541342531493,1.01087147034,7,20,35,0
56_AAPL,0.0,1.5415596919,3.04348288941,1.97428805735,1.5274572143,2.26779491489,1.48468637528,1.01087147034,1.53429368988,1.51779304777,20,35,11,2
57_AAPL,1.0,1.97428805735,3.03893751629,1.53925740723,1.48468637528,1.74495912628,1.17530486932,1.51779304777,2.25647374081,1.48668077253,35,11,6,1
58_AAPL,0.0,1.53925740723,0.95709764776,0.621791809001,1.17530486932,1.51194452783,1.28642751961,1.48668077253,1.49821584072,1.00775894086,11,6,24,0
59_AAPL,1.0,0.621791809001,0.7711912511,1.24027245122,1.28642751961,3.5848835898,2.78669690687,1.00775894086,2.56193680195,2.54221192994,6,24,9,0
60_AAPL,0.0,1.24027245122,1.94794669812,1.57057967078,2.78669690687,2.08340009716,0.747623500791,2.54221192994,4.34440949321,1.7089092542,24,9,6,2
61_AAPL,1.0,1.57057967078,0.50883200785,0.323977202377,0.747623500791,0.175776874422,0.235114164062,1.7089092542,0.249599517467,0.146057794967,9,6,23,0
62_AAPL,0.0,0.323977202377,0.0802625539815,0.247741363876,0.235114164062,0.0672343326627,0.28596462034,0.146057794967,0.0409772606765,0.280555109611,6,23,19,0
63_AAPL,1.0,0.247741363876,0.468273430858,1.8901705534,0.28596462034,0.35849011172,1.25361700791,0.280555109611,0.281946755439,1.00496032965,23,19,17,0
64_AAPL,0.0,1.8901705534,5.2271530871,2.76543991106,1.25361700791,2.35342606398,1.87730865896,1.00496032965,2.13622520546,2.12568112635,19,17,11,2
65_AAPL,1.0,2.76543991106,46.0069098406,16.6363802216,1.87730865896,2.13309572921,1.13625200578,2.12568112635,2.13260754673,1.00325844751,17,11,1,1
66_AAPL,0.0,16.6363802216,1.34479603016,0.0808346534671,1.13625200578,0.911735172297,0.802405775884,1.00325844751,0.891918571415,0.889021740737,11,1,6,0
67_AAPL,1.0,0.0808346534671,0.25866135444,3.1998820227,0.802405775884,0.915376163001,1.14078959862,0.889021740737,0.896453221011,1.00835916596,1,6,2,0
68_AAPL,0.0,3.1998820227,1.27244585539,0.39765399048,1.14078959862,0.893847727583,0.783534254401,1.00835916596,0.876280870873,0.86901661675,6,2,8,0
69_AAPL,1.0,0.39765399048,0.107581647878,0.270540848209,0.783534254401,0.842176104198,1.07484273912,0.86901661675,0.86947428663,1.00052665262,2,8,17,0
70_AAPL,0.0,0.270540848209,0.254570689645,0.940969511002,1.07484273912,0.940759530826,0.87525318503,1.00052665262,1.02512617722,1.02458657601,8,17,16,0
71_AAPL,1.0,0.940969511002,0.754257671906,0.801575038391,0.87525318503,1.06268442938,1.21414517257,1.02458657601,1.03240844671,1.00763417253,17,16,16,0
72_AAPL,0.0,0.801575038391,0.71827574309,0.896080477421,1.21414517257,0.998849566078,0.82267721245,1.00763417253,1.28214698133,1.2724330082,16,16,11,0
73_AAPL,1.0,0.896080477421,1.03957779924,1.16013887752,0.82267721245,0.944634662428,1.14824459476,1.2724330082,1.25182748109,0.983806198846,16,11,27,0
74_AAPL,0.0,1.16013887752,5.00400697731,4.31328272355,1.14824459476,1.52664394366,1.32954594398,0.983806198846,0.990483533425,1.00678724589,11,27,7,2
75_AAPL,1.0,4.31328272355,848.326879239,196.677782007,1.32954594398,1.55414256848,1.16892731351,1.00678724589,1.21074222212,1.20258001585,27,7,1,1
76_AAPL,0.0,196.677782007,1.378376969,0.00700830035265,1.16892731351,1.27369537828,1.08962752737,1.20258001585,1.23488943058,1.02686674841,7,1,3,0
77_AAPL,1.0,0.00700830035265,0.00547454436411,0.78115150445,1.08962752737,0.813134766432,0.7462502057,1.02686674841,0.899892225131,0.876347614259,1,3,6,0
78_AAPL,0.0,0.78115150445,0.12807231939,0.16395323911,0.7462502057,0.471667386306,0.632049924682,0.876347614259,0.724142670338,0.826318984106,3,6,18,0
79_AAPL,1.0,0.16395323911,0.362807668901,2.21287283417,0.632049924682,1.02995507395,1.62954702426,0.826318984106,0.845140439386,1.02277746929,6,18,14,0
80_AAPL,0.0,2.21287283417,5.23414012029,2.36531446338,1.62954702426,2.51816463882,1.54531572352,1.02277746929,2.04488148989,1.99934154916,18,14,5,2
81_AAPL,1.0,2.36531446338,1.46103233848,0.617690527456,1.54531572352,2.11326395579,1.36752892863,1.99934154916,2.05698085665,1.02882914503,14,5,6,0
82_AAPL,0.0,0.617690527456,0.161470006371,0.261409231959,1.36752892863,0.247771802955,0.181182129144,1.02882914503,0.269541755941,0.261988841629,5,6,14,0
83_AAPL,1.0,0.261409231959,0.57367732788,2.19455649512,0.181182129144,0.239512138734,1.32194129667,0.261988841629,0.263692008458,1.00650091362,6,14,7,0
84_AAPL,0.0,2.19455649512,6.78912960147,3.09362261421,1.32194129667,1.44673298177,1.09440032277,1.00650091362,1.18524936719,1.17759393077,14,7,7,2
85_AAPL,1.0,3.09362261421,1.27482950133,0.412083069044,1.09440032277,1.17456987467,1.07325432041,1.17759393077,1.18315380629,1.00472138602,7,7,6,0
86_AAPL,0.0,0.412083069044,1.59954053353,3.88159731299,1.07325432041,1.10244898293,1.0272019986,1.00472138602,1.1024179105,1.09723742904,7,6,2,0
87_AAPL,1.0,3.88159731299,0.498387231136,0.128397458816,1.0272019986,1.14588733263,1.11554235115,1.09723742904,1.11068557319,1.01225636657,6,2,17,0
88_AAPL,0.0,0.128397458816,2.16094528378,16.8301250173,1.11554235115,49.1342005601,44.0451234409,1.01225636657,30.5820982791,30.2118112457,2,17,2,0
89_AAPL,1.0,16.8301250173,173.252962212,10.2942171869,44.0451234409,31.9793559772,0.726058947709,30.2118112457,36.7692597936,1.21704916976,17,2,1,1
90_AAPL,0.0,10.2942171869,1.57554213361,0.153051184466,0.726058947709,3.3485732669,4.61198540072,1.21704916976,1.43618834046,1.18005777921,2,1,1,0
91_AAPL,1.0,0.153051184466,0.0961442066911,0.628183355959,4.61198540072,0.479657452794,0.104002378828,1.18005777921,0.76453677978,0.647880801475,1,1,2,0
92_AAPL,0.0,0.628183355959,0.0311010203491,0.0495094625703,0.104002378828,0.00307292965382,0.029546724685,0.647880801475,0.0125832182378,0.0194221193299,1,2,26,0
93_AAPL,1.0,0.0495094625703,0.0347772972572,0.7024373817,0.029546724685,0.0355630553173,1.20362089864,0.0194221193299,0.0196111441175,1.00973244909,2,26,13,0
94_AAPL,0.0,0.7024373817,44.025014482,62.6746463514,1.20362089864,4.92037500487,4.08797737762,1.00973244909,4.39060035764,4.3482809348,26,13,3,2
95_AAPL,1.0,62.6746463514,8.09539556183,0.129165396745,4.08797737762,5.64420463955,1.38068392219,4.3482809348,4.58640134626,1.05476196571,13,3,2,1
96_AAPL,0.0,0.129165396745,0.116284980674,0.90027966936,1.38068392219,0.78910385877,0.571531141985,1.05476196571,0.939204090788,0.890441750196,3,2,5,0
97_AAPL,1.0,0.90027966936,0.302166734131,0.335636518757,0.571531141985,0.817286868248,1.42999533745,0.890441750196,0.917819437972,1.03074618612,2,5,15,0
98_AAPL,0.0,0.335636518757,0.164559834086,0.490291803454,1.42999533745,0.274391962155,0.191883116657,1.03074618612,0.242486712716,0.235253562887,5,15,33,0
99_AAPL,1.0,0.490291803454,1.43525604999,2.92735069174,0.191883116657,0.221681048598,1.15529209896,0.235253562887,0.238559478203,1.01405256216,15,33,3,0
100_AAPL,0.0,2.92735069174,0.580711232857,0.198374330242,1.15529209896,0.356667182639,0.308724679204,1.01405256216,0.358304659155,0.35333933617,33,3,20,0
101_AAPL,1.0,0.198374330242,0.371337341322,1.87190218043,0.308724679204,0.338165528752,1.09536279906,0.35333933617,0.354321622643,1.00278000883,3,20,8,0
102_AAPL,0.0,1.87190218043,0.970355010387,0.518379122868,1.09536279906,0.815224317995,0.744250506493,1.00278000883,0.861650357868,0.859261603028,20,8,9,0
103_AAPL,1.0,0.518379122868,0.563177295777,1.08641970892,0.744250506493,0.912376134549,1.22589924574,0.859261603028,0.871230265376,1.0139290087,8,9,23,0
104_AAPL,0.0,1.08641970892,5.59230254945,5.14746051045,1.22589924574,3.26002555147,2.65929321908,1.0139290087,3.16130971598,3.11788072818,9,23,1,2
105_AAPL,1.0,5.14746051045,7.09054081008,1.37748328436,2.65929321908,3.04954802454,1.14675132575,3.11788072818,3.13957962218,1.00695950098,23,1,2,1
106_AAPL,0.0,1.37748328436,0.156716014686,0.113769812284,1.14675132575,0.306989831234,0.267703925289,1.00695950098,0.302814039594,0.300721170313,1,2,30,0
107_AAPL,1.0,0.113769812284,0.0182435474499,0.160354905082,0.267703925289,0.129022767289,0.481960685299,0.300721170313,0.156394323839,0.520064229851,2,30,15,0
108_AAPL,0.0,0.160354905082,0.684531318163,4.26885175614,0.481960685299,0.592027841431,1.22837372319,0.520064229851,0.52433035361,1.00820307092,30,15,55,0
109_AAPL,1.0,4.26885175614,19.1042264734,4.47526116266,1.22837372319,20.7812735863,16.9177125772,1.00820307092,32.2412545337,31.9789291104,15,55,8,1
110_AAPL,0.0,4.47526116266,7.83885608533,1.75159746,16.9177125772,34.5100048285,2.03987416567,31.9789291104,32.656545698,1.0211894709,55,8,7,0
111_AAPL,1.0,1.75159746,2.86576709493,1.63608772014,2.03987416567,1.67117060099,0.819251809311,1.0211894709,1.38841624728,1.35960689652,8,7,5,1
112_AAPL,0.0,1.63608772014,0.26166918591,0.159935914614,0.819251809311,0.144988463265,0.176976677521,1.35960689652,0.190344015274,0.139999301093,7,5,19,0
113_AAPL,1.0,0.159935914614,0.534278991636,3.34058171315,0.176976677521,0.221788322968,1.25320650198,0.139999301093,0.141163038539,1.00831245183,5,19,7,0
114_AAPL,0.0,3.34058171315,2.66165123598,0.796762798977,1.25320650198,1.05785785164,0.844120940937,1.00831245183,0.984977548465,0.976857467819,19,7,7,2
115_AAPL,1.0,0.796762798977,1.1667649738,1.46438184024,0.844120940937,0.973301677798,1.15303581584,0.976857467819,0.98269822355,1.00597912789,7,7,10,0
116_AAPL,0.0,1.46438184024,0.651907804295,0.445176105289,1.15303581584,0.770770989587,0.668470986765,1.00597912789,0.736145681718,0.731770333308,7,10,15,0
117_AAPL,1.0,0.445176105289,0.275926580079,0.61981444377,0.668470986765,0.750060706172,1.12205424173,0.731770333308,0.738821422271,1.0096356584,10,15,16,0
118_AAPL,0.0,0.61981444377,0.726618216379,1.17231572075,1.12205424173,0.510803312824,0.455239411633,1.0096356584,0.502997525986,0.498197069209,15,16,38,0
119_AAPL,1.0,1.17231572075,0.928877752149,0.792344362281,0.455239411633,0.499528619585,1.09728772778,0.498197069209,0.502326748407,1.00828924828,16,38,17,0
120_AAPL,0.0,0.792344362281,0.550399171014,0.694646415392,1.09728772778,1.05888037975,0.964997924375,1.00828924828,1.23102516335,1.2209047805,38,17,7,0
121_AAPL,1.0,0.694646415392,0.486018389403,0.69966299204,0.964997924375,1.31422835248,1.36189759509,1.2209047805,1.24628224621,1.02078578618,17,7,21,0
122_AAPL,0.0,0.69966299204,1.95377238096,2.79244779728,1.36189759509,2.21554357438,1.62680629026,1.02078578618,1.7630574615,1.72715714244,7,21,9,0
123_AAPL,1.0,2.79244779728,2.9065931558,1.04087645206,1.62680629026,1.04735648486,0.643811430486,1.72715714244,1.35207942682,0.782835211457,21,9,18,0
124_AAPL,0.0,1.04087645206,0.385642476654,0.37049783948,0.643811430486,0.773292582457,1.2011165783,0.782835211457,0.785123676752,1.00292330399,9,18,29,0
125_AAPL,1.0,0.37049783948,0.525527895663,1.41843713961,1.2011165783,1.16760707074,0.972101369541,1.00292330399,1.07668727152,1.07354896156,18,29,28,0
126_AAPL,0.0,1.41843713961,3.92293975549,2.76567755168,0.972101369541,1.07486772816,1.10571568134,1.07354896156,1.07632712979,1.00258783561,29,28,12,2
127_AAPL,1.0,2.76567755168,2.13593127552,0.772299458488,1.10571568134,1.032243433,0.933552314048,1.00258783561,1.08260409451,1.07980972445,28,12,8,0
128_AAPL,0.0,0.772299458488,0.211422303637,0.273756897423,0.933552314048,0.698670339781,0.748399772855,1.07980972445,0.965134668942,0.893800682738,12,8,15,0
129_AAPL,1.0,0.273756897423,1.25575942988,4.5871334812,0.748399772855,1.04786252894,1.40013742247,0.893800682738,0.898040152958,1.00474319421,8,15,6,0
130_AAPL,0.0,4.5871334812,244.303510707,53.2584263589,1.40013742247,1.53509265774,1.09638713536,1.00474319421,1.12659575075,1.12127731469,15,6,1,0
131_AAPL,1.0,53.2584263589,1.19904682815,0.0225137487178,1.09638713536,1.15459768954,1.05309306567,1.12127731469,1.13198226852,1.0095471064,6,1,10,0
132_AAPL,0.0,0.0225137487178,0.0174172503128,0.773627285761,1.05309306567,0.786440588348,0.746791156437,1.0095471064,0.836170346627,0.828262833231,1,10,13,0
133_AAPL,1.0,0.773627285761,3.97513097031,5.1383024403,0.746791156437,0.81076200317,1.08566095913,0.828262833231,0.834693847433,1.00776446068,10,13,2,1
134_AAPL,0.0,5.1383024403,3.16179932858,0.615339280883,1.08566095913,1.00255508786,0.923451358759,1.00776446068,0.97053251572,0.963054913708,13,2,4,0
135_AAPL,1.0,0.615339280883,0.12058723362,0.195968691365,0.923451358759,1.01490936712,1.09903933487,0.963054913708,0.974828903655,1.01222566832,2,4,14,0
136_AAPL,0.0,0.195968691365,0.195348505586,0.996835281321,1.09903933487,1.08772448463,0.989704781358,1.01222566832,1.23453084546,1.21962017374,4,14,9,0
137_AAPL,1.0,0.996835281321,2.13351902286,2.14029244635,0.989704781358,1.25366763126,1.26670867401,1.21962017374,1.23812590718,1.01517335793,14,9,5,1
138_AAPL,0.0,2.14029244635,0.888579352449,0.415167260888,1.26670867401,0.648554382314,0.511999637818,1.01517335793,0.606287484871,0.597225567569,9,5,18,0
139_AAPL,1.0,0.415167260888,0.237527398777,0.572124589663,0.511999637818,0.594497883993,1.16112950104,0.597225567569,0.604037136349,1.01140535361,5,18,21,0
140_AAPL,0.0,0.572124589663,0.455585133922,0.796304060606,1.16112950104,1.3578316972,1.16940590691,1.01140535361,2.08388794338,2.06038848416,18,21,8,0
141_AAPL,1.0,0.796304060606,1.47547471648,1.85290367019,1.16940590691,2.21286329639,1.89229700596,2.06038848416,2.10733216497,1.02278389788,21,8,20,0
142_AAPL,0.0,1.85290367019,2.14621998535,1.15830089814,1.89229700596,1.19786907544,0.633023817966,1.02278389788,0.870147571138,0.850763854363,8,20,32,0
143_AAPL,1.0,1.15830089814,1.17757925194,1.01664364919,0.633023817966,0.774516243323,1.22351832797,0.850763854363,0.851046744513,1.00033251313,20,32,13,0
144_AAPL,0.0,1.01664364919,0.65002990352,0.639388151434,1.22351832797,0.358303796925,0.292847102274,1.00033251313,0.319766483057,0.319660191847,32,13,33,0
145_AAPL,1.0,0.639388151434,0.765222146659,1.19680376457,0.292847102274,0.333112860167,1.13749754592,0.319660191847,0.322346047121,1.00840222005,13,33,16,0
146_AAPL,0.0,1.19680376457,1.1640088861,0.972597948432,1.13749754592,0.989706602549,0.87007361563,1.00840222005,1.04709140138,1.03836681491,33,16,14,0
147_AAPL,1.0,0.972597948432,6.18774596044,6.36208000481,0.87007361563,1.03856614679,1.19365318996,1.03836681491,1.04543276103,1.00680486512,16,14,1,1
148_AAPL,0.0,6.36208000481,4.81101122004,0.756200993448,1.19365318996,1.10198346429,0.923202378684,1.00680486512,0.989287192795,0.982600727376,14,1,2,0
149_AAPL,1.0,0.756200993448,0.0555166494946,0.0734152030685,0.923202378684,0.961177534808,1.04113416191,0.982600727376,0.983690194664,1.00110875889,1,2,18,0
150_AAPL,0.0,0.0734152030685,0.105700110248,1.43975778626,1.04113416191,0.554064879483,0.532174334251,1.00110875889,0.566025666365,0.565398775449,2,18,51,0
151_AAPL,1.0,1.43975778626,0.593315896012,0.412094243681,0.532174334251,0.577926144057,1.08597146999,0.565398775449,0.568665976623,1.00577857844,18,51,16,0
152_AAPL,0.0,0.412094243681,0.851916547152,2.0672857246,1.08597146999,1.85229630346,1.70565834799,1.00577857844,2.12646756365,2.11425020301,51,16,14,0
153_AAPL,1.0,2.0672857246,6.22805655165,3.0126733221,1.70565834799,2.27964458842,1.33651888205,2.11425020301,2.15364495235,1.01863296467,16,14,4,1
154_AAPL,0.0,3.0126733221,2.47438843801,0.821326500905,1.33651888205,0.980759968051,0.733816769237,1.01863296467,0.909088054532,0.892458899389,14,4,6,0
155_AAPL,1.0,0.821326500905,0.133018855984,0.161956123219,0.733816769237,0.27724082815,0.377806613002,0.892458899389,0.323248823454,0.362200235412,4,6,26,0
156_AAPL,0.0,0.161956123219,0.283659916137,1.75146151006,0.377806613002,0.409725292151,1.08448417272,0.362200235412,0.362563639764,1.00100332445,6,26,44,0
157_AAPL,1.0,1.75146151006,19.6185497086,11.2012451292,1.08448417272,2.84313412323,2.62164648848,1.00100332445,2.57187825698,2.56930041506,26,44,3,1
158_AAPL,0.0,11.2012451292,1.8533000115,0.165454821328,2.62164648848,1.2633296558,0.481884060781,2.56930041506,1.35324059331,0.526696133072,44,3,19,0
159_AAPL,1.0,0.165454821328,0.110868828336,0.670085207831,0.481884060781,0.51508007426,1.06888796742,0.526696133072,0.526894991581,1.00037755832,3,19,36,0
160_AAPL,0.0,0.670085207831,3.31352512429,4.9449310111,1.06888796742,6.27093646184,5.8667855313,1.00037755832,5.17492476144,5.17297166294,19,36,8,2
161_AAPL,1.0,4.9449310111,1.71490595527,0.346800784766,5.8667855313,1.92733064318,0.328515612664,5.17297166294,2.27209276703,0.439223895871,36,8,13,0
162_AAPL,0.0,0.346800784766,0.166974889561,0.481472063776,0.328515612664,0.415470884783,1.26469144469,0.439223895871,0.445393391296,1.0140463565,8,13,17,0
163_AAPL,1.0,0.481472063776,0.380337685021,0.789947566301,1.26469144469,0.290987666725,0.230085897985,1.0140463565,0.280375587801,0.276491884226,13,17,30,0
164_AAPL,0.0,0.789947566301,0.836257985078,1.05862467429,0.230085897985,0.267125024517,1.16097955962,0.276491884226,0.277774655441,1.00463945341,17,30,24,0
165_AAPL,1.0,1.05862467429,3.69628896273,3.49159532412,1.16097955962,2.72939253763,2.35093935549,1.00463945341,2.81429328827,2.80129680226,30,24,7,1
166_AAPL,0.0,3.49159532412,1.89746083249,0.543436640377,2.35093935549,2.8580458763,1.2157037865,2.80129680226,2.82277543142,1.00766738788,24,7,16,0
167_AAPL,1.0,0.543436640377,1.20593634912,2.2190928243,1.2157037865,2.32705174236,1.91416015003,1.00766738788,2.40709366334,2.38877797603,7,16,10,0
168_AAPL,0.0,2.2190928243,2.28238772235,1.02852287086,1.91416015003,3.14040200505,1.64061612347,2.38877797603,2.52122773369,1.05544665891,16,10,7,2
169_AAPL,1.0,1.02852287086,0.905803607313,0.88068397211,1.64061612347,1.03655106625,0.631805973026,1.05544665891,1.16435275475,1.10318484115,10,7,6,0
170_AAPL,0.0,0.88068397211,0.503972365452,0.572251092801,0.631805973026,0.627591143909,0.993328918534,1.10318484115,1.10352810038,1.00031115297,7,6,18,0
171_AAPL,1.0,0.572251092801,0.849472858446,1.48444077981,0.993328918534,1.58303375235,1.59366522288,1.00031115297,1.05333305414,1.05300540838,6,18,15,0
172_AAPL,0.0,1.48444077981,0.895646759808,0.603356342664,1.59366522288,0.424075125435,0.266100508028,1.05300540838,0.329862700927,0.31325831596,18,15,28,0
173_AAPL,1.0,0.603356342664,17.3161594333,28.6997222186,0.266100508028,0.286946633754,1.07833929323,0.31325831596,0.314071603979,1.00259622164,15,28,1,1
174_AAPL,0.0,28.6997222186,44.3783328757,1.54629834176,1.07833929323,1.05825684125,0.981376499857,1.00259622164,1.00091569278,0.998323822873,28,1,1,2
175_AAPL,1.0,1.54629834176,0.20060790896,0.129734284479,0.981376499857,0.998419015045,1.01736592958,0.998323822873,1.00042055215,1.00210024967,1,1,6,0
176_AAPL,0.0,0.129734284479,0.161548414896,1.24522531222,1.01736592958,0.99705624789,0.980036994458,1.00210024967,1.03287201323,1.03070727062,1,6,3,0
177_AAPL,1.0,1.24522531222,0.186472655992,0.149750132898,0.980036994458,1.02644836043,1.04735674901,1.03070727062,1.03159169224,1.00085807255,6,3,14,0
178_AAPL,0.0,0.149750132898,0.185030136881,1.23559247194,1.04735674901,1.05672694477,1.00894651776,1.00085807255,1.17647344024,1.17546480616,3,14,11,0
179_AAPL,1.0,1.23559247194,1.42946841041,1.15690929078,1.00894651776,1.26090347996,1.24972281263,1.17546480616,1.19238706872,1.01439623073,14,11,13,0
180_AAPL,0.0,1.15690929078,41.1095518302,35.5339456237,1.24972281263,2.238170127,1.79093324086,1.01439623073,1.95268100243,1.92496870876,11,13,1,2
181_AAPL,1.0,35.5339456237,1.4089528246,0.0396508971878,1.79093324086,1.92323681489,1.07387409592,1.92496870876,1.94706252126,1.01147749176,13,1,8,0
182_AAPL,0.0,0.0396508971878,0.0194310802101,0.490053985866,1.07387409592,0.371098586241,0.345569920766,1.01147749176,0.401693599849,0.397135480641,1,8,19,0
183_AAPL,1.0,0.490053985866,0.849700125576,1.73389085709,0.345569920766,0.404867851669,1.17159459588,0.397135480641,0.402295455809,1.01299298456,8,19,23,0
184_AAPL,0.0,1.73389085709,1.38267923181,0.797443060591,1.17159459588,1.19009313504,1.0157891981,1.01299298456,1.20037329429,1.18497690762,19,23,13,0
185_AAPL,1.0,0.797443060591,2.38537237235,2.99127610513,1.0157891981,1.22993921538,1.21082131773,1.18497690762,1.20624057354,1.01794437156,23,13,4,1
186_AAPL,0.0,2.99127610513,351.531623934,117.518948963,1.21082131773,1.17742713381,0.972420221352,1.01794437156,1.06539896499,1.0466180616,13,4,1,0
187_AAPL,1.0,117.518948963,0.744319529234,0.00633361288371,0.972420221352,0.974554013003,1.00219431024,1.0466180616,1.04773346717,1.0010657236,4,1,9,0
188_AAPL,0.0,0.00633361288371,0.00313444417885,0.494890394534,1.00219431024,0.768174756867,0.766492833792,1.0010657236,0.882997684303,0.882057654643,1,9,5,0
189_AAPL,1.0,0.494890394534,0.301412343761,0.609048684496,0.766492833792,0.953037539941,1.24337436428,0.882057654643,0.895466143469,1.0152013746,9,5,10,0
190_AAPL,0.0,0.609048684496,1.42284872678,2.33618225111,1.24337436428,1.44023841216,1.15833047032,1.0152013746,1.45931305126,1.43746165812,5,10,7,0
191_AAPL,1.0,2.33618225111,0.898097923972,0.384429735114,1.15833047032,1.40081181824,1.20933693288,1.43746165812,1.4558982259,1.01282578055,10,7,21,0
192_AAPL,0.0,0.384429735114,0.411043895863,1.0692302346,1.20933693288,1.01514137632,0.839419808261,1.01282578055,1.07633222004,1.06270223439,7,21,14,0
193_AAPL,1.0,1.0692302346,0.947666200489,0.886306961609,0.839419808261,1.06362783242,1.26709880081,1.06270223439,1.0679826556,1.00496886244,21,14,22,0
194_AAPL,0.0,0.886306961609,0.742007089464,0.837189734036,1.26709880081,0.578215524631,0.456330259535,1.00496886244,0.486179475565,0.483775660856,14,22,44,0
195_AAPL,1.0,0.837189734036,13.6527750225,16.3078624443,0.456330259535,0.487196426953,1.06763997516,0.483775660856,0.486378488691,1.00538023726,22,44,1,1
196_AAPL,0.0,16.3078624443,1.19402016711,0.0732174539238,1.06763997516,0.696206125461,0.652098218183,1.00538023726,0.749554611533,0.745543411094,44,1,9,0
197_AAPL,1.0,0.0732174539238,0.0430467840095,0.587930632692,0.652098218183,0.78686285445,1.20666309539,0.745543411094,0.756574643036,1.01479623021,1,9,19,0
198_AAPL,0.0,0.587930632692,1.59768355223,2.71746948261,1.20666309539,4.41392086054,3.6579562907,1.01479623021,6.63977736048,6.54296612741,9,19,5,0
199_AAPL,1.0,2.71746948261,4.04944595337,1.49015323973,3.6579562907,7.15248673183,1.95532318142,6.54296612741,6.73055933346,1.02867097313,19,5,5,1
200_AAPL,0.0,1.49015323973,0.601564259378,0.403692884288,1.95532318142,0.447983589805,0.229109742094,1.02867097313,0.337579242675,0.328170281355,5,5,10,0
201_AAPL,1.0,0.403692884288,0.31896782211,0.790124955193,0.229109742094,0.335569955584,1.4646690818,0.328170281355,0.33722172063,1.02758153248,5,10,17,0
202_AAPL,0.0,0.790124955193,1.94717558121,2.46438942146,1.4646690818,3.75839595843,2.56603761568,1.02758153248,3.59692290145,3.50037713577,10,17,13,2
203_AAPL,1.0,2.46438942146,1.82365924764,0.74000449432,2.56603761568,0.884882566275,0.344843957418,3.50037713577,1.25763692346,0.359286121091,17,13,16,0
204_AAPL,0.0,0.74000449432,0.353083438035,0.477136883283,0.344843957418,0.144292600725,0.418428676567,0.359286121091,0.142538087691,0.396725838611,13,16,21,0
205_AAPL,1.0,0.477136883283,2.12395638528,4.45146133048,0.418428676567,0.542891576539,1.29745308327,0.396725838611,0.405403050572,1.02187206155,16,21,6,1
206_AAPL,0.0,4.45146133048,1.6515677383,0.371016979749,1.29745308327,0.926900020953,0.714399644124,1.02187206155,0.850668182818,0.832460554334,21,6,9,0
207_AAPL,1.0,0.371016979749,0.2758417632,0.743474768694,0.714399644124,0.794979165502,1.11279333919,0.832460554334,0.83433941148,1.0022569924,6,9,27,0
208_AAPL,0.0,0.743474768694,5.30701654836,7.1381259618,1.11279333919,2.78984850877,2.50706794381,1.0022569924,2.69207559688,2.68601328531,9,27,10,2
209_AAPL,1.0,7.1381259618,16.9984100609,2.38135473538,2.50706794381,2.70706822169,1.07977457427,2.68601328531,2.69503384153,1.00335834386,27,10,4,1
210_AAPL,0.0,2.38135473538,5.02674090349,2.1108744652,1.07977457427,1.06226260224,0.983781825904,1.00335834386,1.02075730945,1.01734072945,10,4,1,0
211_AAPL,1.0,2.1108744652,14.2050925294,6.72948238446,0.983781825904,1.00420257956,1.0207574008,1.01734072945,1.01744775675,1.00010520301,4,1,2,0
212_AAPL,0.0,6.72948238446,31.1311680154,4.62608656013,1.0207574008,1.02026590013,0.999518494142,1.00010520301,1.00069448388,1.00058921889,1,2,1,0
213_AAPL,1.0,4.62608656013,0.0279707403071,0.00604630716341,0.999518494142,1.01212688122,1.01261446101,1.00058921889,1.00295929955,1.00236868499,2,1,4,0
214_AAPL,0.0,0.00604630716341,0.00144601102464,0.239156064282,1.01261446101,0.48594159795,0.479888068618,1.00236868499,0.584760076605,0.583378237332,1,4,11,0
215_AAPL,1.0,0.239156064282,0.27947727391,1.16859789757,0.479888068618,0.633195638251,1.3194652663,0.583378237332,0.59375777194,1.01779211829,4,11,12,0
216_AAPL,0.0,1.16859789757,1.40002110336,1.19803493253,1.3194652663,1.01419781109,0.768643053362,1.01779211829,0.964591092618,0.947728986383,11,12,9,0
217_AAPL,1.0,1.19803493253,0.600823338366,0.501507361808,0.768643053362,0.898979931414,1.16956749623,0.947728986383,0.951688133386,1.00417750967,12,9,9,0
218_AAPL,0.0,0.501507361808,14.8285119322,29.5678848637,1.16956749623,2.14801699123,1.83659087497,1.00417750967,1.91545420583,1.90748566602,9,9,2,2
219_AAPL,1.0,29.5678848637,0.745866144736,0.0252255495506,1.83659087497,1.88142533524,1.02441178429,1.90748566602,1.90866526664,1.00061840602,9,2,14,0
220_AAPL,0.0,0.0252255495506,0.0920751692166,3.65007584996,1.02441178429,3.69058266118,3.60263589094,1.00061840602,2.4135690572,2.41207741401,2,14,6,0
221_AAPL,1.0,3.65007584996,2.21578123458,0.607050736933,3.60263589094,0.804927749679,0.223427449803,2.41207741401,1.04320079131,0.43249059307,14,6,11,0
222_AAPL,0.0,0.607050736933,0.370818693518,0.610852884211,0.223427449803,0.329834242666,1.4762476274,0.43249059307,0.44351258974,1.02548493966,6,11,16,0
223_AAPL,1.0,0.610852884211,0.933356365434,1.52795605875,1.4762476274,1.62077166112,1.09789958747,1.02548493966,1.87614773362,1.82952246401,11,16,11,0
224_AAPL,0.0,1.52795605875,2.39899543542,1.57006834174,1.09789958747,1.97338061899,1.79741448263,1.82952246401,1.89289968405,1.0346414003,16,11,5,2
225_AAPL,1.0,1.57006834174,0.811698516317,0.516982920257,1.79741448263,0.468791002895,0.260814079014,1.0346414003,0.402021569283,0.388561263028,11,5,13,0
226_AAPL,0.0,0.516982920257,0.213595427035,0.413157608628,0.260814079014,0.088537004308,0.339464052871,0.388561263028,0.119342770194,0.307140164369,5,13,27,0
227_AAPL,1.0,0.413157608628,0.370221336701,0.896077741204,0.339464052871,0.403445486903,1.18847778871,0.307140164369,0.308558440916,1.00461768505,13,27,18,0
228_AAPL,0.0,0.896077741204,3.41183729399,3.80752376396,1.18847778871,4.59411535317,3.86554582409,1.00461768505,5.27061836402,5.24639217728,27,18,8,2
229_AAPL,1.0,3.80752376396,19.7240322208,5.18027816596,3.86554582409,5.43517172338,1.40605543712,5.24639217728,5.31391275152,1.01286990601,18,8,3,1
230_AAPL,0.0,5.18027816596,0.396419796319,0.0765248088267,1.40605543712,0.396884243921,0.282267849079,1.01286990601,0.370910841716,0.366197909043,8,3,10,0
231_AAPL,1.0,0.0765248088267,0.0621108545767,0.811643381134,0.282267849079,0.359656680904,1.27416807149,0.366197909043,0.367883957306,1.00460419959,3,10,10,0
232_AAPL,0.0,0.811643381134,0.836382613916,1.03048042201,1.27416807149,1.17328966729,0.920828023827,1.00460419959,1.60389738988,1.59654657081,10,10,7,0
233_AAPL,1.0,1.03048042201,59.9804571564,58.2063044334,0.920828023827,1.59789712249,1.73528289881,1.59654657081,1.6027158852,1.00386416188,10,7,1,1
234_AAPL,0.0,58.2063044334,90.5211942767,1.55517851817,1.73528289881,1.68749657579,0.972461940899,1.00386416188,1.00137603652,0.997521452155,7,1,1,2
235_AAPL,1.0,1.55517851817,0.0214284848655,0.0137787942768,0.972461940899,0.549074024126,0.564622635636,0.997521452155,0.746063073249,0.747916820874,1,1,26,0
236_AAPL,0.0,0.0137787942768,0.0177491161286,1.28814726253,0.564622635636,0.885027964129,1.56746808978,0.747916820874,0.770499338944,1.0301938898,1,26,11,0
237_AAPL,1.0,1.28814726253,23.8693302223,18.5299700715,1.56746808978,6.54220569378,4.17374091149,1.0301938898,5.49641905844,5.33532484793,26,11,2,1
238_AAPL,0.0,18.5299700715,0.882306862499,0.0476151261494,4.17374091149,0.531408814087,0.127321945793,5.33532484793,0.662662017444,0.124202749848,11,2,22,0
239_AAPL,1.0,0.0476151261494,0.26690754266,5.60552001526,0.127321945793,0.150437519871,1.18155215846,0.124202749848,0.12601946565,1.01462701755,2,22,1,0
240_AAPL,0.0,5.60552001526,0.605593325806,0.108035173214,1.18155215846,0.365719583754,0.309524705394,1.01462701755,0.356460723847,0.351321931784,22,1,28,0
241_AAPL,1.0,0.108035173214,0.308136695933,2.85218866008,0.309524705394,0.343003845436,1.10816306246,0.351321931784,0.353846714691,1.00718652233,1,28,5,0
242_AAPL,0.0,2.85218866008,1.27834882234,0.448199251412,1.10816306246,0.861776371442,0.77766206133,1.00718652233,0.855710126884,0.849604425711,28,5,12,0
243_AAPL,1.0,0.448199251412,0.159937961839,0.356845669276,0.77766206133,0.830702223408,1.06820464147,0.849604425711,0.850735172806,1.00133091008,5,12,38,0
244_AAPL,0.0,0.356845669276,0.941565017649,2.63857767858,1.06820464147,3.12157574707,2.9222637928,1.00133091008,2.88215341538,2.87832262678,12,38,23,0
245_AAPL,1.0,2.63857767858,13.8745750136,5.25835381928,2.9222637928,14.7189967121,5.0368473744,2.87832262678,14.7229746997,5.11512314939,38,23,4,1
246_AAPL,0.0,5.25835381928,0.986831479731,0.187669280852,5.0368473744,1.01583747107,0.201681209607,5.11512314939,1.17831899493,0.23035984873,23,4,14,0
247_AAPL,1.0,0.187669280852,0.171786806871,0.915369878814,0.201681209607,0.24344772789,1.20709176807,0.23035984873,0.233089022761,1.01184743803,4,14,9,0
248_AAPL,0.0,0.915369878814,0.880996664961,0.962448825716,1.20709176807,0.500595191456,0.414711793005,1.01184743803,0.496207050987,0.490397101717,14,9,22,0
249_AAPL,1.0,0.962448825716,1.68514337164,1.75089139975,0.414711793005,0.475088314259,1.14558669966,0.490397101717,0.49203990078,1.00334993632,9,22,8,0
250_AAPL,0.0,1.75089139975,3.27385314423,1.86982079226,1.14558669966,1.14978064415,1.00366095774,1.00334993632,1.07852786794,1.07492693117,22,8,5,2
251_AAPL,1.0,1.86982079226,0.372409806561,0.199168716116,1.00366095774,0.547026516584,0.545031180467,1.07492693117,0.633002225672,0.588879306411,8,5,39,0
252_AAPL,0.0,0.199168716116,0.162815691335,0.817476230754,0.545031180467,0.668943878937,1.22734974238,0.588879306411,0.597218157695,1.01416054392,5,39,12,0
253_AAPL,1.0,0.817476230754,2.03017234308,2.48346345337,1.22734974238,1.76892376486,1.44125484675,1.01416054392,1.69661081843,1.67292134228,39,12,15,0
254_AAPL,0.0,2.48346345337,1.92375750726,0.774626864211,1.44125484675,1.75297682161,1.21628511819,1.67292134228,1.70696635195,1.02035063384,12,15,10,2
255_AAPL,1.0,0.774626864211,2.07370351893,2.6770353763,1.21628511819,1.44698931713,1.18967937328,1.02035063384,1.43001992643,1.40149854276,15,10,5,0
256_AAPL,0.0,2.6770353763,8.0248230783,2.99765298185,1.18967937328,1.37158796612,1.15290556172,1.40149854276,1.41891442348,1.0124266135,10,5,1,0
257_AAPL,1.0,2.99765298185,0.26678869596,0.0889991928936,1.15290556172,0.525084257787,0.455444292421,1.0124266135,0.546301096322,0.539595748509,5,1,10,0
258_AAPL,0.0,0.0889991928936,0.135062436862,1.51756923261,0.455444292421,0.547547121242,1.20222633229,0.539595748509,0.546537477532,1.01286468443,1,10,15,0
259_AAPL,1.0,1.51756923261,4.13969356778,2.72784495022,1.20222633229,1.53737885652,1.27877656246,1.01286468443,1.46228869718,1.44371574965,10,15,6,1
260_AAPL,0.0,2.72784495022,0.769609669677,0.282131016873,1.27877656246,1.4754771953,1.1538193916,1.44371574965,1.46477251218,1.01458511658,15,6,15,0
261_AAPL,1.0,0.282131016873,0.353589061899,1.25327964936,1.1538193916,1.16646521983,1.010959972,1.01458511658,1.33509746049,1.31590483506,6,15,18,0
262_AAPL,0.0,1.25327964936,0.761379523124,0.607509683506,1.010959972,1.27538981616,1.26156311969,1.31590483506,1.32342905373,1.00571790487,15,18,14,0
263_AAPL,1.0,0.607509683506,3.18529776577,5.24320492702,1.26156311969,3.04128109276,2.41072447766,1.00571790487,2.18291328004,2.17050255291,18,14,9,0
264_AAPL,0.0,5.24320492702,15.5750652539,2.97052384384,2.41072447766,2.80413897351,1.1631934713,2.17050255291,3.21123541826,1.47948935326,14,9,5,2
265_AAPL,1.0,2.97052384384,0.287259315368,0.09670325184,1.1631934713,0.353027486656,0.303498511097,1.47948935326,0.549305615086,0.371280546139,9,5,19,0
266_AAPL,0.0,0.09670325184,0.0964755745779,0.997645609038,0.303498511097,0.188822701949,0.622153635172,0.371280546139,0.187523939337,0.505073431093,5,19,38,0
267_AAPL,1.0,0.997645609038,0.640570786258,0.642082499492,0.622153635172,0.724438829981,1.16440504246,0.505073431093,0.509723850897,1.00920741325,19,38,21,0
268_AAPL,0.0,0.642082499492,1.1263473479,1.75420969859,1.16440504246,1.49460445095,1.28357778989,1.00920741325,1.61570470489,1.60096396803,38,21,28,0
269_AAPL,1.0,1.75420969859,3.56497275811,2.0322386548,1.28357778989,1.57196648627,1.22467566722,1.60096396803,1.60709097262,1.00382707213,21,28,16,2
270_AAPL,0.0,2.0322386548,0.968689583309,0.47666133159,1.22467566722,0.890838455109,0.727407654901,1.00382707213,0.855064105591,0.851804189514,28,16,11,0
271_AAPL,1.0,0.47666133159,0.501091508053,1.0512526921,0.727407654901,0.851046506555,1.16997188691,0.851804189514,0.854269889513,1.00289467935,16,11,25,0
272_AAPL,0.0,1.0512526921,7.31255762354,6.95604175715,1.16997188691,22.0035392781,18.8068957249,1.00289467935,60.0210519966,59.8478117717,11,25,4,0
273_AAPL,1.0,6.95604175715,0.659445756963,0.0948018686467,18.8068957249,1.01568817311,0.0540061575268,59.8478117717,1.35810488534,0.0226926406353,25,4,9,0
274_AAPL,0.0,0.0948018686467,0.124017024158,1.30817067141,0.0540061575268,0.0742589942496,1.37500977019,0.0226926406353,0.022870159052,1.00782273071,4,9,11,0
275_AAPL,1.0,1.30817067141,18.0221078095,13.7765722802,1.37500977019,4.98412600487,3.62479315634,1.00782273071,4.27142552608,4.23827067592,9,11,3,1
276_AAPL,0.0,13.7765722802,3.70128707634,0.268665311013,3.62479315634,4.31955242955,1.19166866722,4.23827067592,4.28066577894,1.01000292484,11,3,10,0
277_AAPL,1.0,0.268665311013,14.5230586357,54.0563222732,1.19166866722,5.83113375117,4.89325087719,1.01000292484,5.45207075763,5.39807422686,3,10,1,0
278_AAPL,0.0,54.0563222732,0.857859808486,0.0158697405301,4.89325087719,0.72748175512,0.14867043881,5.39807422686,1.04488478083,0.193566212119,10,1,13,0
279_AAPL,1.0,0.0158697405301,0.0106218236699,0.669313001669,0.14867043881,0.115919126672,0.779705283714,0.193566212119,0.192405126172,0.994001608371,1,13,11,0
280_AAPL,0.0,0.669313001669,35.1269617481,52.4821147363,0.779705283714,1.4063798061,1.80373255829,0.994001608371,0.999090306192,1.00511940602,13,11,1,0
281_AAPL,1.0,52.4821147363,399.204433482,7.60648528527,1.80373255829,1.76087079133,0.97623718286,1.00511940602,1.00444338375,0.999327420928,11,1,1,0
282_AAPL,0.0,7.60648528527,0.00505082458536,0.000664015559873,0.97623718286,0.107401116959,0.110015392617,0.999327420928,0.130384377024,0.130472129848,1,1,15,0
283_AAPL,1.0,0.000664015559873,0.00829149247041,12.4868948432,0.110015392617,0.136550095055,1.2411908171,0.130472129848,0.131809497927,1.01025022034,1,15,6,0
284_AAPL,0.0,12.4868948432,4.43882044018,0.355478323146,1.2411908171,0.933638212459,0.752211666085,1.01025022034,0.846890194124,0.838297460444,15,6,10,2
285_AAPL,1.0,0.355478323146,0.00936065278171,0.026332555805,0.752211666085,0.102364024049,0.136084068706,0.838297460444,0.121175870734,0.144549967586,6,10,14,0
286_AAPL,0.0,0.026332555805,0.0961389195115,3.65095284421,0.136084068706,0.158716557972,1.16631255577,0.144549967586,0.14506143608,1.00353835081,10,14,76,0
287_AAPL,1.0,3.65095284421,311.236090938,85.247907661,1.16631255577,143.422929355,122.971264131,1.00353835081,156.708277796,156.155743993,14,76,4,1
288_AAPL,0.0,85.247907661,19.2318639938,0.225599249547,122.971264131,32.2730427648,0.262443774917,156.155743993,36.2498966988,0.232139374267,76,4,29,0
289_AAPL,1.0,0.225599249547,0.155031698963,0.687199533129,0.262443774917,0.319222491432,1.21634621181,0.232139374267,0.236376555677,1.01825274762,4,29,18,0
290_AAPL,0.0,0.687199533129,14.9851563,21.8061211884,1.21634621181,14.4235803292,11.8581208123,1.01825274762,16.532431337,16.2360782976,29,18,2,0
291_AAPL,1.0,21.8061211884,1.97545134474,0.0905915970873,11.8581208123,2.9153071473,0.245849000313,16.2360782976,4.25391137517,0.262003625334,18,2,14,0
292_AAPL,0.0,0.0905915970873,0.0590278663472,0.651582136148,0.245849000313,0.0528047802545,0.214785417827,0.262003625334,0.0477967780057,0.182427926121,2,14,26,0
293_AAPL,1.0,0.651582136148,0.552660061409,0.848181726829,0.214785417827,0.258232659853,1.20228208444,0.182427926121,0.184063812705,1.00896730352,14,26,28,0
294_AAPL,0.0,0.848181726829,14.108741876,16.63410261,1.20228208444,11.8698380579,9.87275632851,1.00896730352,11.9050572711,11.7992498166,26,28,5,0
295_AAPL,1.0,16.63410261,12.7372155935,0.765729050265,9.87275632851,17.5818559011,1.78084572495,11.7992498166,12.695469179,1.07595562229,28,5,1,1
296_AAPL,0.0,0.765729050265,0.135963199623,0.177560456373,1.78084572495,0.30929916173,0.173681053556,1.07595562229,0.399034773368,0.370865456809,5,1,8,0
297_AAPL,1.0,0.177560456373,0.202898973946,1.14270360693,0.173681053556,0.272330184422,1.56799016845,0.370865456809,0.374757658856,1.01049491662,1,8,12,0
298_AAPL,0.0,1.14270360693,1.15374018892,1.00965830677,1.56799016845,1.10704548442,0.706028332766,1.01049491662,0.951527374089,0.941644889488,8,12,11,0
299_AAPL,1.0,1.00965830677,0.894693186169,0.886134626109,0.706028332766,0.604088573477,0.855615200469,0.941644889488,0.878688541011,0.933142154563,12,11,29,0
300_AAPL,0.0,0.886134626109,0.567253555382,0.640143764467,0.855615200469,1.41169325615,1.649916055,0.933142154563,0.963076001482,1.03207854963,11,29,8,0
301_AAPL,1.0,0.640143764467,0.488513095804,0.763130288727,1.649916055,0.466922266549,0.282997589565,1.03207854963,0.38564286636,0.373656507537,29,8,16,0
302_AAPL,0.0,0.763130288727,22.6126038633,29.6313803781,0.282997589565,0.330516834715,1.16791395723,0.373656507537,0.374746280535,1.00291651015,8,16,2,0
303_AAPL,1.0,29.6313803781,0.998734072027,0.0337052833612,1.16791395723,0.6785148936,0.580963083284,1.00291651015,0.737151005139,0.735007348743,16,2,6,0
304_AAPL,0.0,0.0337052833612,0.0330252534198,0.97982423307,0.580963083284,0.766430339695,1.3192410357,0.735007348743,0.74275981382,1.01054746608,2,6,21,0
305_AAPL,1.0,0.97982423307,3.36060521083,3.42980413977,1.3192410357,4.35745815264,3.30300379895,1.01054746608,4.30427517981,4.25934983196,6,21,9,0
306_AAPL,0.0,3.42980413977,1.18611987275,0.345827290543,3.30300379895,1.37946526335,0.417639623604,4.25934983196,1.79888488499,0.422337905072,21,9,22,0
307_AAPL,1.0,0.345827290543,0.294827498059,0.852528143733,0.417639623604,0.24212173307,0.579738414139,0.422337905072,0.210699546429,0.498888553214,9,22,48,0
308_AAPL,0.0,0.852528143733,0.936863746497,1.09892412747,0.579738414139,0.691582294171,1.19292128537,0.498888553214,0.508964591858,1.02019697301,22,48,53,0
309_AAPL,1.0,1.09892412747,7.68793558821,6.99587477973,1.19292128537,1.79056550018,1.5009921628,1.02019697301,1.62371516914,1.59157026741,48,53,4,0
310_AAPL,0.0,6.99587477973,51.9963883763,7.4324355443,1.5009921628,1.49467334765,0.995790241074,1.59157026741,1.64003243985,1.03044928234,53,4,1,2
311_AAPL,1.0,7.4324355443,0.075380241882,0.0101420646614,0.995790241074,0.595248542352,0.597764988849,1.03044928234,0.707204966163,0.686307398414,4,1,23,0
312_AAPL,0.0,0.0101420646614,0.0153268957946,1.51122047692,0.597764988849,0.747521740824,1.25052780736,0.686307398414,0.696615601144,1.01501980418,1,23,21,0
313_AAPL,1.0,1.51122047692,3.95825816669,2.61924598504,1.25052780736,3.45176297046,2.76024487432,1.01501980418,4.11884110104,4.05789235253,23,21,12,1
314_AAPL,0.0,2.61924598504,1.63122492025,0.622784163675,2.76024487432,1.09413692827,0.396391254433,4.05789235253,1.24895671304,0.307784584837,21,12,32,0
315_AAPL,1.0,0.622784163675,584.09425076,937.875888354,0.396391254433,0.425465575744,1.07334753476,0.307784584837,0.307809159611,1.00007984407,12,32,1,0
